utilisation,dpd_days,cash_credit_ratio,cash_debit_ratio,inbound_cheque_bounce_count,inbound_cheque_bounce_amt,outbound_cheque_bounce_count,outbound_cheque_bounce_amt,total_amt_credit,total_amt_debit,no_of_banks,defaulted
0.1603,6,0.1104,0.2972,0,0.0,1,35059.99,113875.78,136378.47,6,0
0.1696,28,0.1843,0.4307,0,0.0,0,0.0,44598.67,35154.58,5,0
0.3207,15,0.382,0.4476,0,0.0,1,47604.77,148606.92,149544.89,4,0
0.3496,0,0.4433,0.7047,0,0.0,0,0.0,76430.21,101896.31,6,0
0.2266,0,0.6187,0.5311,0,0.0,0,0.0,33832.72,36244.97,4,0
0.2094,0,0.3962,0.7608,0,0.0,0,0.0,12156.67,10089.7,2,0
0.3038,0,0.6071,0.6625,0,0.0,0,0.0,75914.98,88902.01,2,0
0.3866,0,0.5742,0.3878,0,0.0,0,0.0,35039.94,50284.1,5,0
0.3865,0,0.8489,0.7065,0,0.0,0,0.0,67773.81,79971.68,3,0
0.0883,43,0.7312,0.1468,0,0.0,0,0.0,16213.53,12324.01,6,0
0.4033,0,0.362,0.7877,0,0.0,0,0.0,42631.02,89856.59,3,0
0.2402,0,0.1312,0.289,1,4331.43,0,0.0,17228.02,27313.66,4,0
0.2371,0,0.671,0.5172,0,0.0,0,0.0,103853.67,105627.2,1,0
0.1434,0,0.1701,0.1891,0,0.0,1,37873.35,29915.34,53667.5,3,0
0.2015,0,0.6682,0.6256,0,0.0,0,0.0,65567.46,72403.06,3,1
0.0423,0,0.716,0.6782,0,0.0,1,20307.59,92980.88,120043.56,6,0
0.698,16,0.4176,0.6711,0,0.0,0,0.0,143659.84,214465.09,2,1
0.2199,0,0.4181,0.6654,0,0.0,0,0.0,31710.11,30643.12,1,0
0.1733,25,0.2823,0.1553,0,0.0,1,13827.7,76268.86,73056.68,2,0
0.0814,7,0.5945,0.2674,0,0.0,0,0.0,29590.2,38118.82,4,0
0.3586,32,0.2344,0.2728,0,0.0,2,21353.78,68426.48,33157.38,2,0
0.2877,0,0.2146,0.6913,0,0.0,0,0.0,86158.2,59132.33,2,0
0.2594,0,0.3037,0.244,0,0.0,0,0.0,39139.04,41900.42,7,0
0.2066,0,0.4269,0.5546,0,0.0,0,0.0,37258.43,39085.68,3,0
0.0647,20,0.4319,0.2182,2,23862.63,0,0.0,132646.93,89687.38,4,0
0.6677,0,0.3445,0.1841,0,0.0,0,0.0,55744.24,63270.91,2,0
0.4276,0,0.3355,0.3476,0,0.0,0,0.0,145749.37,251729.06,5,0
0.3237,13,0.3071,0.4242,0,0.0,0,0.0,359411.16,479539.77,4,0
0.1204,0,0.3752,0.3368,0,0.0,1,30617.89,38923.31,27305.03,5,0
0.3542,21,0.82,0.3157,0,0.0,1,29363.81,94749.45,83971.63,4,0
0.1209,0,0.4,0.7694,0,0.0,0,0.0,171520.58,85148.43,5,0
0.2283,0,0.1037,0.728,0,0.0,0,0.0,34075.52,32484.74,5,0
0.277,71,0.473,0.2289,1,15849.4,1,3614.3,92618.52,121332.04,4,1
0.4787,0,0.5072,0.156,1,12556.54,0,0.0,23737.46,23374.0,3,0
0.0489,0,0.5997,0.8278,1,5095.11,0,0.0,193189.83,224838.55,3,0
0.3553,0,0.4843,0.7456,0,0.0,0,0.0,21058.42,33143.47,5,0
0.597,0,0.3028,0.265,0,0.0,0,0.0,82471.37,78430.71,4,0
0.4033,0,0.4803,0.3831,0,0.0,0,0.0,74341.94,46504.18,2,0
0.1744,43,0.4607,0.5406,1,5333.03,0,0.0,58433.18,38416.09,4,1
0.2186,0,0.3347,0.5042,0,0.0,0,0.0,182998.95,137001.03,2,0
0.223,0,0.7527,0.7366,0,0.0,0,0.0,81835.04,102362.47,4,1
0.2897,24,0.1946,0.6745,0,0.0,0,0.0,17121.66,24963.39,2,0
0.2278,0,0.4892,0.6952,0,0.0,0,0.0,204290.11,112074.29,4,0
0.2549,0,0.6759,0.4996,0,0.0,0,0.0,89467.33,101855.58,4,0
0.4514,0,0.3707,0.2515,0,0.0,1,14869.94,67148.04,51778.22,5,0
0.2351,40,0.483,0.2952,0,0.0,0,0.0,151678.39,163256.41,1,0
0.6034,0,0.3429,0.2873,0,0.0,0,0.0,112818.33,135141.59,4,0
0.3016,0,0.5065,0.3775,0,0.0,0,0.0,44360.73,27683.13,2,0
0.3624,0,0.5479,0.3781,1,12112.35,0,0.0,59726.93,65885.15,4,0
0.485,0,0.497,0.782,1,11286.23,0,0.0,29438.79,35639.36,2,0
0.1166,0,0.5218,0.5617,0,0.0,0,0.0,105366.76,162574.7,5,0
0.0884,0,0.3765,0.3056,0,0.0,0,0.0,95721.18,83611.97,5,0
0.2389,0,0.5876,0.794,0,0.0,0,0.0,107925.31,69086.93,3,0
0.568,0,0.6713,0.7593,0,0.0,0,0.0,152957.2,336505.84,5,0
0.0697,0,0.2573,0.4761,0,0.0,0,0.0,39761.05,78406.82,1,0
0.3048,34,0.2041,0.3774,0,0.0,0,0.0,28856.02,23752.21,5,0
0.4864,0,0.4109,0.5999,1,23640.37,0,0.0,67882.23,70129.12,2,0
0.1799,5,0.0733,0.4807,0,0.0,0,0.0,146405.27,202509.73,1,0
0.4178,0,0.2254,0.6645,1,82125.74,0,0.0,80279.53,102221.52,4,0
0.3595,0,0.3454,0.6286,0,0.0,0,0.0,27664.95,36977.87,4,0
0.5216,0,0.5369,0.8803,0,0.0,0,0.0,57630.35,62355.49,5,0
0.3257,0,0.2527,0.2393,0,0.0,0,0.0,117393.05,51873.48,6,0
0.477,0,0.3726,0.5272,0,0.0,0,0.0,64326.49,65912.37,4,0
0.2937,11,0.4471,0.2169,1,41808.19,0,0.0,59853.59,88694.98,4,0
0.2104,0,0.5317,0.5338,0,0.0,0,0.0,62466.02,38805.78,4,0
0.0736,0,0.196,0.4392,0,0.0,0,0.0,32187.63,30042.04,3,0
0.5853,0,0.2248,0.443,0,0.0,0,0.0,38089.45,45821.9,4,0
0.3282,38,0.5058,0.3901,0,0.0,0,0.0,72893.0,138252.61,1,0
0.4288,38,0.5241,0.6646,0,0.0,0,0.0,89831.01,86118.84,3,1
0.4324,0,0.4543,0.3691,0,0.0,0,0.0,14126.95,18601.99,6,0
0.2522,0,0.4972,0.3737,0,0.0,0,0.0,55327.25,87733.15,2,0
0.2003,0,0.5514,0.3558,1,56841.95,0,0.0,69401.75,50643.37,3,0
0.4314,0,0.4523,0.7867,0,0.0,0,0.0,21374.15,26498.12,5,0
0.5641,0,0.3193,0.3932,0,0.0,0,0.0,18208.15,40057.93,3,0
0.0124,0,0.7511,0.459,0,0.0,0,0.0,118237.71,131703.45,2,1
0.3633,13,0.3289,0.4959,2,10929.03,0,0.0,31212.04,59320.38,5,0
0.2839,0,0.5178,0.2122,0,0.0,0,0.0,151367.13,112236.58,5,0
0.6861,23,0.4053,0.2441,1,8120.27,0,0.0,172501.15,174354.45,2,0
0.2913,0,0.1124,0.2107,0,0.0,0,0.0,74328.3,130069.21,5,0
0.1405,0,0.7559,0.3735,1,10801.26,0,0.0,41165.84,48312.75,4,0
0.3013,0,0.1714,0.569,0,0.0,0,0.0,8728.76,6921.26,5,0
0.5628,74,0.0133,0.3458,2,5850.1,1,986.85,82476.63,85813.3,1,1
0.1395,0,0.5768,0.7658,0,0.0,0,0.0,55353.96,101868.04,4,0
0.2051,3,0.5041,0.0544,1,10181.4,0,0.0,99040.18,105870.51,4,0
0.7755,0,0.3546,0.2311,0,0.0,0,0.0,45760.66,31735.08,4,0
0.436,0,0.8668,0.704,0,0.0,0,0.0,10465.76,6085.25,4,0
0.3945,0,0.0932,0.348,0,0.0,0,0.0,51052.48,44479.09,6,0
0.0563,0,0.0457,0.2344,0,0.0,1,16039.47,132542.19,201631.1,3,0
0.0695,0,0.3003,0.2514,1,7621.65,0,0.0,112846.59,61819.9,2,0
0.2819,0,0.4339,0.8348,0,0.0,0,0.0,43860.83,59113.29,2,0
0.3732,0,0.1697,0.3361,1,27497.75,0,0.0,47078.94,71614.44,5,0
0.25,0,0.8699,0.5217,0,0.0,0,0.0,85283.55,78534.07,5,0
0.2333,0,0.3203,0.9358,0,0.0,0,0.0,41126.75,40451.18,6,0
0.417,24,0.5055,0.326,1,53349.4,0,0.0,88152.69,130527.46,3,0
0.5315,0,0.2845,0.5916,0,0.0,0,0.0,313363.7,391198.6,5,0
0.4413,0,0.5524,0.7274,0,0.0,0,0.0,117180.64,101656.12,4,0
0.0646,0,0.1838,0.3704,0,0.0,0,0.0,112533.7,52833.16,4,0
0.2288,0,0.4505,0.5175,1,29733.66,0,0.0,228423.5,223853.36,4,0
0.6505,0,0.0594,0.4082,0,0.0,0,0.0,40597.43,34221.31,3,0
0.5778,0,0.1787,0.1407,0,0.0,0,0.0,49796.51,52560.19,5,0
0.2953,0,0.1999,0.3779,0,0.0,1,32129.28,63456.73,45999.57,4,0
0.2753,0,0.264,0.5257,0,0.0,0,0.0,163711.07,115341.43,1,0
0.3283,0,0.2652,0.6115,1,6270.28,0,0.0,22436.52,13579.3,4,0
0.2907,0,0.3349,0.515,0,0.0,0,0.0,158073.61,112017.91,2,0
0.1407,0,0.3102,0.2922,0,0.0,0,0.0,23876.32,30172.14,1,0
0.5112,0,0.1756,0.5539,0,0.0,0,0.0,178287.04,118975.19,5,0
0.1349,0,0.231,0.6618,0,0.0,0,0.0,11514.21,8655.56,3,0
0.437,15,0.0628,0.4378,0,0.0,0,0.0,136948.4,146962.16,4,0
0.1907,0,0.2927,0.5134,0,0.0,0,0.0,106027.35,86286.28,5,0
0.2245,0,0.4535,0.3091,1,61375.34,0,0.0,42588.18,58032.59,4,0
0.2694,49,0.2884,0.1727,0,0.0,0,0.0,36163.52,30151.77,3,0
0.1612,20,0.4855,0.3967,0,0.0,1,4924.39,13178.31,16415.51,5,0
0.2082,0,0.4046,0.4405,0,0.0,0,0.0,65912.9,85838.75,3,0
0.4075,0,0.2104,0.599,0,0.0,0,0.0,33008.17,20122.89,5,0
0.2516,0,0.6541,0.4706,0,0.0,0,0.0,72230.76,73346.42,5,0
0.0814,0,0.3658,0.5144,0,0.0,0,0.0,35126.71,53287.65,1,0
0.1574,0,0.6506,0.5851,0,0.0,0,0.0,67523.2,73216.77,3,0
0.1788,0,0.7219,0.4182,0,0.0,0,0.0,70363.94,65139.57,4,0
0.0875,34,0.3429,0.6744,0,0.0,0,0.0,240218.49,273814.33,5,0
0.4576,0,0.3213,0.3283,0,0.0,0,0.0,34517.03,33944.87,2,0
0.1773,0,0.6803,0.2999,0,0.0,0,0.0,39534.51,25188.08,6,0
0.0677,0,0.1503,0.7356,0,0.0,0,0.0,27468.36,29192.3,3,0
0.5074,36,0.3208,0.2818,2,51356.15,0,0.0,59771.49,47927.51,4,1
0.3083,13,0.3217,0.5321,0,0.0,0,0.0,99102.4,65473.69,3,0
0.3228,0,0.6713,0.384,0,0.0,0,0.0,99656.52,94379.19,5,0
0.3181,0,0.554,0.2335,0,0.0,0,0.0,32582.56,31667.04,5,0
0.1472,0,0.3925,0.5448,1,5583.56,0,0.0,80774.24,64630.86,6,0
0.2889,0,0.5747,0.5174,0,0.0,0,0.0,98115.28,106352.89,3,1
0.6437,0,0.7744,0.471,0,0.0,0,0.0,102052.54,92424.17,3,0
0.1436,0,0.4643,0.1762,0,0.0,0,0.0,38880.37,38653.27,2,0
0.2903,0,0.5856,0.1645,0,0.0,0,0.0,75906.41,62707.41,3,0
0.1354,32,0.6102,0.4672,0,0.0,0,0.0,15428.73,13982.54,5,0
0.1305,0,0.0229,0.0749,0,0.0,0,0.0,145455.15,151117.3,2,0
0.2998,0,0.26,0.7113,0,0.0,1,5931.66,15304.48,24015.18,2,0
0.2941,0,0.5039,0.3661,0,0.0,0,0.0,44536.26,68941.09,2,0
0.2267,0,0.5103,0.7151,1,15762.34,0,0.0,85786.12,92247.97,4,0
0.5684,0,0.4158,0.4526,0,0.0,1,16395.44,126242.69,78698.98,3,1
0.4596,0,0.3126,0.5042,0,0.0,0,0.0,19090.35,23063.39,5,0
0.4273,0,0.6388,0.6677,0,0.0,0,0.0,55818.91,38241.63,4,0
0.1186,0,0.749,0.3661,0,0.0,0,0.0,59972.89,43448.74,3,0
0.4816,0,0.1523,0.41,0,0.0,1,1572.12,37526.58,42489.89,4,0
0.4949,0,0.831,0.4907,0,0.0,0,0.0,18476.81,14091.14,2,0
0.0995,0,0.5948,0.3644,0,0.0,0,0.0,78524.47,80320.04,4,0
0.1766,0,0.4666,0.5482,0,0.0,0,0.0,81737.49,74365.59,4,0
0.2588,0,0.2995,0.6534,0,0.0,1,15312.49,49146.03,30633.36,3,1
0.3487,0,0.5307,0.636,0,0.0,0,0.0,20711.97,11490.87,2,0
0.2792,0,0.2952,0.4295,0,0.0,0,0.0,140052.76,246795.19,2,0
0.2793,32,0.6911,0.2063,1,20613.79,0,0.0,60692.77,42957.53,3,0
0.2625,14,0.4555,0.6838,0,0.0,1,3615.51,179037.41,151986.72,5,0
0.1577,21,0.5548,0.3801,0,0.0,1,8222.56,49278.43,49946.8,6,0
0.2143,0,0.6213,0.5395,0,0.0,0,0.0,11339.73,9544.74,5,0
0.2451,0,0.2493,0.3642,0,0.0,0,0.0,176884.25,162547.9,3,0
0.0793,0,0.7403,0.7065,0,0.0,0,0.0,141340.86,127694.98,2,0
0.3603,0,0.4249,0.1628,0,0.0,0,0.0,58510.47,45598.94,2,1
0.1624,0,0.5821,0.6444,0,0.0,0,0.0,41884.45,50435.92,4,0
0.4007,0,0.3772,0.6008,0,0.0,0,0.0,120357.24,87640.09,2,0
0.6778,0,0.3508,0.4446,0,0.0,1,18120.47,54848.46,51170.93,1,0
0.1398,0,0.5162,0.5242,0,0.0,0,0.0,25203.53,32368.61,3,0
0.218,7,0.2725,0.3896,0,0.0,0,0.0,48123.67,29195.91,4,0
0.3478,0,0.2043,0.22,0,0.0,0,0.0,114595.87,60020.82,5,0
0.2056,0,0.197,0.2736,0,0.0,0,0.0,51067.83,55355.1,3,0
0.4247,35,0.4911,0.3099,0,0.0,0,0.0,63275.68,61720.66,5,0
0.2111,0,0.2999,0.2,0,0.0,1,145300.12,58937.28,61047.14,1,0
0.305,4,0.4795,0.764,0,0.0,0,0.0,97543.24,96713.72,4,0
0.1493,0,0.2387,0.6216,0,0.0,0,0.0,377656.75,290845.07,4,0
0.6461,0,0.3351,0.6995,1,3593.71,0,0.0,218231.7,372731.99,4,0
0.4959,0,0.4003,0.6382,0,0.0,0,0.0,55424.71,72910.49,5,0
0.2185,0,0.7012,0.4224,0,0.0,0,0.0,19485.81,23521.78,3,0
0.608,0,0.7174,0.5461,0,0.0,0,0.0,426705.58,378893.11,5,0
0.686,0,0.1133,0.212,0,0.0,0,0.0,21804.9,18267.01,1,0
0.0978,0,0.5143,0.7589,0,0.0,0,0.0,28554.4,36116.72,5,0
0.1374,0,0.3185,0.3369,0,0.0,1,89840.99,43925.26,54176.51,3,0
0.3469,0,0.2767,0.4334,0,0.0,1,29820.81,30853.66,47144.51,3,0
0.6571,0,0.4945,0.4437,0,0.0,1,286787.57,69369.57,99655.83,5,0
0.1556,0,0.5398,0.3006,0,0.0,0,0.0,21822.57,12919.09,4,0
0.5827,0,0.2963,0.3877,0,0.0,0,0.0,53698.61,80473.32,1,0
0.4128,15,0.2968,0.2568,0,0.0,0,0.0,95828.36,178656.13,3,1
0.2308,0,0.6008,0.2981,0,0.0,1,31019.14,57478.62,36612.74,5,0
0.27,5,0.1954,0.5178,0,0.0,0,0.0,298121.23,409503.43,4,0
0.3436,0,0.3552,0.7084,0,0.0,0,0.0,61065.46,50233.38,1,0
0.1416,0,0.3453,0.5194,0,0.0,0,0.0,146199.01,166671.2,5,0
0.5247,0,0.2794,0.6586,0,0.0,0,0.0,75942.99,74971.21,4,0
0.0853,10,0.4771,0.8064,0,0.0,0,0.0,150830.5,126169.06,3,0
0.3432,0,0.6744,0.4767,0,0.0,0,0.0,26793.84,24108.81,3,0
0.0549,0,0.5646,0.5505,0,0.0,0,0.0,33801.37,29224.55,1,0
0.2483,0,0.2218,0.6121,0,0.0,0,0.0,41876.34,37188.7,4,0
0.2495,0,0.1779,0.5823,0,0.0,0,0.0,210059.25,145571.17,3,0
0.0944,0,0.6374,0.5744,0,0.0,0,0.0,85654.37,147539.99,5,0
0.3964,0,0.2976,0.3376,0,0.0,0,0.0,149652.91,257348.11,4,0
0.132,0,0.6202,0.8657,0,0.0,0,0.0,55961.27,115525.04,5,1
0.0734,0,0.4457,0.195,0,0.0,0,0.0,204726.73,166299.92,3,0
0.3121,0,0.6153,0.4979,0,0.0,0,0.0,85999.31,66862.95,6,0
0.4163,0,0.2637,0.6768,0,0.0,0,0.0,24155.66,16372.84,3,0
0.33,61,0.5427,0.4584,1,23488.41,1,5421.72,91708.33,170267.2,4,0
0.199,0,0.2985,0.2649,1,8965.47,0,0.0,65067.81,61625.03,4,0
0.0221,0,0.6687,0.579,0,0.0,0,0.0,18163.28,20178.02,2,0
0.3262,31,0.4457,0.5043,1,14053.22,0,0.0,87036.6,69614.6,5,0
0.4342,0,0.3226,0.3804,0,0.0,1,155882.88,111429.27,146600.11,4,0
0.3272,0,0.5499,0.2652,1,51799.01,0,0.0,136473.42,104653.97,2,0
0.3078,64,0.5552,0.4123,1,11709.73,1,7463.94,139906.0,183781.87,2,1
0.2591,0,0.4026,0.2986,0,0.0,0,0.0,455209.47,786663.72,3,0
0.0831,0,0.3494,0.276,0,0.0,0,0.0,51165.41,64441.76,5,0
0.4961,0,0.2399,0.4516,0,0.0,0,0.0,60327.03,44139.3,2,0
0.8209,6,0.1223,0.458,1,12033.81,0,0.0,37465.7,47785.08,3,0
0.3182,0,0.3833,0.7917,0,0.0,0,0.0,67543.31,104563.97,4,0
0.1008,54,0.397,0.6091,0,0.0,1,51292.63,147294.26,192554.48,4,0
0.2329,0,0.3265,0.2057,0,0.0,0,0.0,466462.87,348595.26,1,0
0.3139,8,0.0802,0.2352,0,0.0,0,0.0,53027.35,69230.49,2,0
0.1972,0,0.6173,0.754,0,0.0,0,0.0,19790.01,20778.11,3,0
0.2871,15,0.3305,0.4301,0,0.0,0,0.0,18441.5,16556.39,5,0
0.3462,0,0.4059,0.436,1,34254.01,0,0.0,82359.08,95968.85,3,0
0.0063,1,0.2597,0.3619,0,0.0,0,0.0,67764.3,63077.13,5,0
0.3041,0,0.3024,0.3388,0,0.0,0,0.0,76576.45,84380.48,6,0
0.0504,0,0.2398,0.3908,0,0.0,0,0.0,36437.69,50142.91,5,0
0.1326,0,0.4087,0.6138,0,0.0,1,10280.35,118097.67,93840.49,3,0
0.3838,0,0.5913,0.6349,2,85191.99,0,0.0,161906.2,247219.02,3,1
0.48,0,0.5133,0.0556,0,0.0,0,0.0,76710.0,73625.22,4,0
0.3474,45,0.8024,0.8366,1,6396.1,0,0.0,77620.13,79656.19,4,0
0.29,0,0.2374,0.6554,0,0.0,0,0.0,36469.3,57864.04,4,1
0.8086,0,0.2342,0.6797,1,25978.79,1,10009.45,30317.83,25108.2,5,0
0.3956,0,0.4354,0.3162,0,0.0,0,0.0,35216.17,64676.55,5,0
0.1526,0,0.4293,0.5063,0,0.0,0,0.0,33726.64,38646.8,6,0
0.1563,1,0.643,0.5163,0,0.0,0,0.0,91246.26,84264.1,3,0
0.436,0,0.3158,0.3145,0,0.0,0,0.0,136903.59,123022.15,4,0
0.1587,6,0.3647,0.4238,0,0.0,1,7329.55,61741.41,89082.16,4,0
0.3019,0,0.0942,0.7341,0,0.0,0,0.0,94592.67,144075.24,3,0
0.3495,0,0.259,0.5802,1,11370.03,0,0.0,103027.04,99044.21,2,0
0.1408,0,0.7888,0.7304,0,0.0,0,0.0,79824.71,71597.07,6,0
0.5691,0,0.3684,0.7672,0,0.0,1,13082.42,52591.62,41494.61,4,0
0.2017,0,0.2129,0.4046,0,0.0,0,0.0,89146.08,179592.19,2,0
0.1442,0,0.2042,0.387,1,25593.08,0,0.0,136335.11,238365.43,3,0
0.4739,0,0.138,0.6701,0,0.0,0,0.0,127162.78,178568.35,6,0
0.1603,57,0.047,0.3832,1,26480.43,1,51992.07,54073.22,57912.6,5,1
0.4159,18,0.3519,0.5822,0,0.0,0,0.0,129617.39,215732.49,2,0
0.3505,0,0.2645,0.2052,0,0.0,0,0.0,12697.04,16358.95,5,0
0.5504,0,0.1006,0.6194,1,13831.95,1,15331.43,37581.78,41471.87,3,0
0.2895,0,0.3499,0.7511,0,0.0,0,0.0,120916.64,230906.82,2,0
0.3315,0,0.5118,0.5567,0,0.0,0,0.0,119256.05,119637.34,4,0
0.6494,0,0.1117,0.3359,0,0.0,0,0.0,32908.24,35490.27,5,0
0.2551,0,0.4002,0.1373,0,0.0,0,0.0,16403.47,13831.48,2,0
0.3119,0,0.4749,0.5185,1,67721.29,0,0.0,15827.74,8263.24,4,0
0.4502,0,0.2955,0.4437,0,0.0,0,0.0,101747.4,80507.92,3,0
0.0717,32,0.1201,0.2779,0,0.0,1,4138.19,79588.34,92043.01,4,0
0.1417,0,0.0849,0.7016,0,0.0,0,0.0,78129.63,77022.36,1,0
0.2219,3,0.4021,0.3634,0,0.0,0,0.0,88744.22,103289.39,1,0
0.3044,0,0.5267,0.4168,0,0.0,0,0.0,83661.81,66870.3,4,0
0.0725,0,0.3855,0.2931,0,0.0,0,0.0,249195.29,225196.53,3,0
0.1225,0,0.1616,0.1442,0,0.0,0,0.0,111331.95,102600.41,4,0
0.2164,0,0.4722,0.4997,0,0.0,0,0.0,15601.87,25313.25,2,0
0.3159,12,0.4431,0.5867,0,0.0,0,0.0,184598.45,109801.93,2,1
0.4795,0,0.5402,0.4596,1,27926.59,0,0.0,29198.16,27446.05,4,0
0.1979,0,0.1519,0.5948,0,0.0,0,0.0,96822.86,113935.08,6,0
0.6463,0,0.4389,0.2698,1,7153.32,0,0.0,39025.67,61149.18,3,0
0.2875,0,0.2403,0.6805,0,0.0,0,0.0,157441.51,138238.51,5,0
0.4038,0,0.396,0.7947,0,0.0,0,0.0,27308.72,31369.54,4,0
0.0421,0,0.3688,0.2411,0,0.0,0,0.0,9494.22,6926.82,3,0
0.5594,0,0.0592,0.2998,0,0.0,0,0.0,155390.57,171747.42,6,0
0.3981,0,0.5697,0.3872,0,0.0,0,0.0,15597.09,6964.83,4,0
0.1937,30,0.0605,0.3679,0,0.0,1,6822.64,71483.15,51303.75,4,0
0.2389,18,0.4399,0.6123,0,0.0,0,0.0,71289.17,74623.39,3,0
0.4415,0,0.2939,0.302,0,0.0,0,0.0,109571.4,185087.82,4,0
0.4331,4,0.4774,0.3837,1,10658.31,1,3584.14,50376.18,78555.19,3,0
0.1106,0,0.3809,0.7267,0,0.0,0,0.0,60148.54,112264.33,5,0
0.1192,0,0.3823,0.3909,0,0.0,0,0.0,76874.62,115134.94,5,0
0.5976,1,0.4443,0.4875,0,0.0,1,26761.94,36602.09,22006.05,2,0
0.2773,0,0.6333,0.3114,0,0.0,0,0.0,21467.86,25009.59,4,0
0.4794,34,0.4969,0.4786,0,0.0,0,0.0,161223.57,201184.67,3,1
0.1084,0,0.5035,0.3249,1,10030.6,0,0.0,32388.94,31505.94,2,0
0.2588,13,0.2015,0.5613,0,0.0,0,0.0,8533.09,5810.35,4,1
0.6812,0,0.2451,0.4538,1,14549.75,0,0.0,45796.05,57544.45,1,0
0.1581,0,0.5874,0.4071,0,0.0,0,0.0,90248.84,64202.4,4,0
0.1081,0,0.7532,0.5998,0,0.0,0,0.0,29810.82,27278.79,3,0
0.2821,19,0.2293,0.3298,0,0.0,0,0.0,159475.65,86421.43,4,0
0.3612,0,0.1559,0.1702,0,0.0,0,0.0,23667.24,26765.21,4,0
0.3528,0,0.5593,0.2785,0,0.0,1,24055.62,44602.36,53401.2,2,1
0.5696,0,0.5526,0.3335,0,0.0,0,0.0,37668.23,23199.85,2,0
0.1709,0,0.443,0.6923,1,26884.67,0,0.0,62176.19,30400.93,1,0
0.1639,0,0.3512,0.1901,0,0.0,0,0.0,38542.09,32813.05,4,0
0.4639,0,0.8856,0.1249,0,0.0,0,0.0,17059.88,14906.92,3,0
0.0832,15,0.2566,0.4576,0,0.0,0,0.0,48286.18,29879.77,2,0
0.5097,11,0.3719,0.3591,0,0.0,0,0.0,55570.75,57351.6,4,0
0.2468,0,0.1169,0.4339,0,0.0,0,0.0,25769.11,12960.67,3,0
0.4149,0,0.1639,0.3154,0,0.0,0,0.0,40118.79,52186.65,3,0
0.3309,0,0.4778,0.6697,0,0.0,0,0.0,157866.59,124920.49,5,0
0.2956,0,0.8359,0.8137,0,0.0,0,0.0,15449.91,24076.41,3,0
0.3346,0,0.3655,0.3652,2,9890.9,0,0.0,56704.06,65335.26,3,1
0.2582,0,0.1599,0.3848,0,0.0,0,0.0,82927.4,67531.24,3,1
0.3324,20,0.401,0.7771,0,0.0,0,0.0,177061.95,263945.37,3,1
0.5129,0,0.6767,0.4384,0,0.0,0,0.0,164991.19,192031.81,4,1
0.5522,0,0.8351,0.2755,0,0.0,0,0.0,85783.6,185988.7,2,0
0.4031,0,0.5544,0.1302,0,0.0,0,0.0,27924.13,51967.28,7,0
0.6496,0,0.4398,0.4454,0,0.0,0,0.0,299381.23,260178.23,2,0
0.2776,0,0.4137,0.4977,1,35008.15,0,0.0,109685.99,55904.58,6,0
0.4381,0,0.1641,0.2631,0,0.0,0,0.0,139079.22,123131.15,4,0
0.5609,0,0.1047,0.2229,1,13361.34,0,0.0,129850.98,148018.65,6,0
0.287,0,0.6891,0.6776,0,0.0,0,0.0,16594.37,23966.43,4,0
0.6836,0,0.5673,0.7521,0,0.0,0,0.0,54585.8,36916.64,4,0
0.1766,0,0.1609,0.4877,0,0.0,0,0.0,103124.74,125325.39,3,0
0.2722,8,0.5397,0.5684,0,0.0,1,12819.76,27532.49,26978.86,3,0
0.3996,0,0.3982,0.6533,0,0.0,0,0.0,153755.46,146070.51,2,0
0.3208,30,0.5545,0.4637,1,25664.71,0,0.0,50287.59,72379.34,2,0
0.2168,28,0.6352,0.6387,0,0.0,0,0.0,51138.55,40459.38,2,0
0.2663,0,0.9203,0.4974,0,0.0,0,0.0,71004.05,99481.73,2,0
0.2647,0,0.5826,0.1799,0,0.0,0,0.0,44688.89,46498.48,2,0
0.1881,0,0.3496,0.7843,0,0.0,0,0.0,174903.57,206675.63,5,0
0.5671,4,0.3812,0.6145,0,0.0,1,70258.43,73405.94,84821.5,2,0
0.336,0,0.5915,0.6182,0,0.0,0,0.0,34434.99,47667.96,7,0
0.3923,0,0.6506,0.5742,0,0.0,0,0.0,48146.69,91857.18,3,0
0.3505,3,0.2922,0.2022,0,0.0,0,0.0,15632.9,12634.79,2,0
0.34,0,0.0935,0.4394,0,0.0,0,0.0,22358.38,19777.4,3,0
0.5353,0,0.4669,0.4761,0,0.0,1,41006.11,67466.82,42134.09,5,0
0.4345,0,0.6563,0.6263,0,0.0,0,0.0,30515.63,14968.17,4,0
0.039,0,0.5446,0.217,0,0.0,0,0.0,89783.82,78194.17,5,0
0.1801,0,0.3467,0.1212,0,0.0,0,0.0,40149.79,45854.23,3,0
0.0184,0,0.3953,0.6932,0,0.0,0,0.0,29679.84,13261.56,4,0
0.2789,0,0.4807,0.4039,0,0.0,0,0.0,110463.21,83646.4,7,0
0.5581,0,0.4644,0.6056,0,0.0,0,0.0,79725.08,57844.08,3,0
0.1243,0,0.3838,0.6835,0,0.0,0,0.0,46771.78,37996.01,5,0
0.2501,0,0.7358,0.3494,1,10185.15,0,0.0,158980.26,74075.12,5,1
0.4365,0,0.3299,0.6947,0,0.0,0,0.0,44740.19,97729.65,4,1
0.4504,0,0.6893,0.8556,0,0.0,0,0.0,60338.48,38519.91,3,0
0.4815,0,0.3457,0.5777,1,5936.58,0,0.0,7069.19,15552.23,4,0
0.1303,0,0.3975,0.8209,0,0.0,0,0.0,42635.37,23791.71,2,0
0.3965,0,0.5547,0.5518,0,0.0,0,0.0,52001.77,48728.85,4,0
0.3609,0,0.0702,0.2481,0,0.0,0,0.0,44508.67,36483.23,4,0
0.332,0,0.3705,0.6111,0,0.0,0,0.0,51178.41,49812.95,3,0
0.2196,0,0.4675,0.8397,0,0.0,0,0.0,33390.59,29386.54,1,0
0.2921,18,0.3475,0.8327,0,0.0,0,0.0,21640.92,10534.26,3,0
0.633,0,0.1267,0.5557,1,26015.88,0,0.0,334208.46,343052.62,5,0
0.1788,0,0.5981,0.3117,0,0.0,0,0.0,108564.11,86236.99,5,1
0.1413,0,0.3956,0.3332,0,0.0,0,0.0,137285.73,164333.2,3,0
0.5848,0,0.3699,0.3735,0,0.0,0,0.0,251291.25,227291.37,4,0
0.2104,9,0.4471,0.5787,0,0.0,0,0.0,72358.81,90453.49,5,0
0.6861,9,0.4431,0.5588,0,0.0,1,9591.7,25095.81,23463.0,3,0
0.3905,0,0.5599,0.8149,0,0.0,0,0.0,49956.74,41196.63,3,0
0.506,0,0.4409,0.2952,1,15924.51,0,0.0,19960.08,22896.37,3,0
0.39,0,0.3614,0.5645,0,0.0,0,0.0,15205.92,24976.56,2,0
0.3184,0,0.2588,0.2742,1,13864.48,0,0.0,172645.29,194646.79,3,0
0.2155,0,0.4845,0.4919,1,13175.77,0,0.0,134270.31,165125.82,4,0
0.2965,0,0.3276,0.3147,0,0.0,0,0.0,170805.59,204374.42,5,0
0.1084,31,0.7216,0.772,0,0.0,0,0.0,27260.75,25865.35,2,0
0.2817,0,0.3727,0.4702,0,0.0,0,0.0,58413.02,64718.87,5,0
0.3905,0,0.549,0.3144,0,0.0,0,0.0,91391.85,68950.98,4,0
0.269,0,0.2954,0.394,0,0.0,0,0.0,74342.09,142479.19,6,0
0.4386,0,0.2228,0.5664,0,0.0,0,0.0,38606.45,59446.68,2,0
0.3216,0,0.4237,0.2919,0,0.0,0,0.0,43991.84,77259.28,2,0
0.5762,17,0.6539,0.4839,0,0.0,0,0.0,135433.39,182566.32,4,0
0.4843,4,0.6926,0.1118,0,0.0,0,0.0,344806.05,260598.96,2,0
0.6688,0,0.2473,0.2238,0,0.0,0,0.0,38902.01,20315.39,2,1
0.435,0,0.4903,0.8352,0,0.0,1,20244.39,101312.38,150599.91,4,0
0.3542,0,0.6755,0.6719,0,0.0,1,15154.62,10508.42,10333.03,2,0
0.2742,5,0.1885,0.2261,0,0.0,0,0.0,70496.16,111115.99,4,0
0.2306,27,0.2417,0.7357,1,11715.19,1,11442.25,83217.36,75018.52,4,0
0.3418,18,0.1813,0.4379,0,0.0,0,0.0,85275.34,45337.84,2,0
0.4474,0,0.3481,0.5876,0,0.0,0,0.0,42012.07,63529.63,2,0
0.1519,0,0.454,0.6419,0,0.0,0,0.0,9297.81,7080.99,5,0
0.358,0,0.6649,0.1982,0,0.0,0,0.0,59591.35,54148.19,3,0
0.3317,0,0.2322,0.3293,1,6694.75,0,0.0,9902.37,7425.57,9,0
0.3978,0,0.3437,0.5913,0,0.0,0,0.0,35765.36,30235.62,4,0
0.2955,0,0.405,0.6047,1,45610.96,0,0.0,65245.43,32692.79,5,0
0.2436,0,0.797,0.9143,0,0.0,0,0.0,94248.36,108995.78,3,0
0.411,0,0.1908,0.426,0,0.0,0,0.0,78941.46,108447.09,6,1
0.668,0,0.1471,0.2992,0,0.0,0,0.0,112816.05,193165.46,6,0
0.6679,0,0.4994,0.2066,0,0.0,0,0.0,351744.62,212976.27,3,0
0.2678,0,0.556,0.4894,1,13975.57,0,0.0,121185.88,82047.24,5,0
0.0629,0,0.2069,0.4705,0,0.0,0,0.0,31182.77,68602.09,2,0
0.141,0,0.3975,0.4847,0,0.0,0,0.0,176183.17,132802.78,5,0
0.144,0,0.6712,0.3968,0,0.0,0,0.0,34869.54,27060.45,5,1
0.1405,5,0.6108,0.2163,0,0.0,0,0.0,72843.22,110061.9,4,0
0.05,0,0.3274,0.6224,0,0.0,0,0.0,27812.46,17746.53,3,0
0.3647,0,0.3988,0.4457,0,0.0,0,0.0,35759.18,28400.8,5,0
0.2715,0,0.1319,0.574,0,0.0,0,0.0,92368.67,106035.06,3,0
0.2052,36,0.1323,0.5568,0,0.0,0,0.0,17182.82,22821.84,2,1
0.3766,0,0.5683,0.495,0,0.0,0,0.0,29265.42,27147.99,6,0
0.1698,0,0.3031,0.1086,0,0.0,1,34200.6,16583.81,21963.66,5,0
0.4204,6,0.5306,0.3599,0,0.0,1,29349.64,72479.36,130576.01,1,1
0.1044,0,0.2018,0.3093,0,0.0,0,0.0,495427.31,742117.55,4,0
0.5043,12,0.2977,0.1937,0,0.0,0,0.0,32987.98,36991.34,3,0
0.1538,22,0.2927,0.3263,1,14744.46,1,15134.74,78307.01,83848.8,5,0
0.2944,54,0.1393,0.7458,1,36137.81,0,0.0,20180.9,12557.53,3,1
0.1181,0,0.3172,0.448,0,0.0,0,0.0,149083.71,90981.95,1,0
0.241,0,0.2917,0.8089,1,20737.68,0,0.0,89452.26,114867.47,4,0
0.3474,0,0.2345,0.1537,0,0.0,1,40390.64,46031.3,61782.46,2,0
0.5774,12,0.3774,0.5235,1,8208.25,0,0.0,55276.91,77209.7,4,1
0.7637,0,0.4837,0.473,0,0.0,0,0.0,116074.87,53168.52,4,0
0.3106,0,0.087,0.7384,0,0.0,1,7464.04,22982.55,50561.61,2,0
0.224,0,0.5786,0.4379,0,0.0,0,0.0,45343.83,36256.24,6,0
0.2854,0,0.3832,0.6207,1,60246.75,0,0.0,34308.07,18762.12,5,0
0.0715,0,0.6694,0.4985,0,0.0,0,0.0,13665.89,28104.98,1,0
0.2874,0,0.4758,0.6343,0,0.0,0,0.0,28316.03,47651.46,2,0
0.1335,52,0.4132,0.2085,0,0.0,0,0.0,31613.8,37791.63,3,0
0.5598,0,0.2571,0.6458,0,0.0,0,0.0,77209.07,134531.52,4,0
0.4199,24,0.7848,0.7236,0,0.0,1,101678.59,46172.05,32483.51,6,1
0.4306,27,0.7247,0.7621,0,0.0,0,0.0,30169.88,28700.34,3,0
0.4596,0,0.4941,0.2136,0,0.0,0,0.0,26542.57,26169.06,2,0
0.2657,0,0.5428,0.9078,0,0.0,0,0.0,158013.37,255432.72,3,0
0.4937,8,0.3669,0.5697,0,0.0,0,0.0,61425.15,125604.68,2,0
0.2622,0,0.3837,0.6782,0,0.0,0,0.0,44064.59,29734.26,2,0
0.2591,0,0.3153,0.3568,0,0.0,0,0.0,70170.36,73810.55,5,1
0.2471,0,0.2453,0.4912,0,0.0,0,0.0,22718.31,24070.72,1,0
0.4168,0,0.2597,0.6446,0,0.0,0,0.0,101008.69,127549.91,2,0
0.5718,0,0.389,0.4945,0,0.0,0,0.0,23758.15,23319.45,5,0
0.1647,22,0.5942,0.7108,0,0.0,0,0.0,177036.74,73598.87,3,0
0.1911,0,0.7195,0.6621,0,0.0,0,0.0,60268.35,47498.79,5,1
0.2463,0,0.4291,0.4567,0,0.0,0,0.0,46396.69,46357.69,4,1
0.4203,45,0.3418,0.4875,0,0.0,1,48697.76,136413.86,82605.13,2,1
0.2682,0,0.8341,0.5185,0,0.0,1,18211.97,51839.79,45245.03,3,0
0.3218,0,0.6692,0.4788,0,0.0,0,0.0,32142.13,19690.92,7,0
0.3716,56,0.3814,0.6212,1,8901.5,1,6148.62,97295.7,94866.75,5,0
0.4159,0,0.2867,0.46,1,6943.65,0,0.0,29877.36,27562.98,6,0
0.0948,0,0.2169,0.5774,0,0.0,0,0.0,72903.84,97146.72,5,0
0.3114,15,0.4454,0.7195,0,0.0,0,0.0,196465.45,232677.47,3,1
0.4033,0,0.2074,0.7482,0,0.0,0,0.0,181463.42,207311.76,6,0
0.2767,0,0.4079,0.2889,0,0.0,0,0.0,87877.36,99007.13,6,0
0.374,0,0.3449,0.6639,0,0.0,0,0.0,37823.85,38558.59,5,0
0.3528,11,0.4236,0.4757,0,0.0,0,0.0,78905.38,96556.42,2,0
0.4595,21,0.5777,0.7729,1,8919.17,0,0.0,43085.95,31657.85,1,0
0.1208,0,0.4994,0.5625,0,0.0,0,0.0,56113.43,41068.31,6,0
0.5048,0,0.4078,0.2677,0,0.0,1,47592.76,29102.5,27488.24,3,0
0.146,0,0.377,0.6396,0,0.0,0,0.0,154510.27,179528.71,3,1
0.0899,0,0.3854,0.6737,0,0.0,0,0.0,121846.98,131982.88,4,0
0.4435,0,0.4693,0.5475,0,0.0,0,0.0,89794.67,145495.9,4,0
0.1181,11,0.5728,0.6923,0,0.0,0,0.0,32139.81,38905.94,5,1
0.321,0,0.5197,0.6817,0,0.0,0,0.0,82772.46,91441.79,3,0
0.2912,0,0.1336,0.5743,0,0.0,0,0.0,256294.21,223128.37,1,0
0.1761,0,0.6286,0.3898,0,0.0,0,0.0,355462.7,684380.56,4,0
0.2582,27,0.5164,0.4275,0,0.0,0,0.0,33236.55,20597.26,3,0
0.1808,0,0.1827,0.2178,0,0.0,0,0.0,91813.63,99136.43,1,0
0.2309,0,0.1388,0.4288,0,0.0,0,0.0,102762.92,105714.98,3,0
0.2511,21,0.3513,0.0963,0,0.0,0,0.0,68078.81,70665.45,4,0
0.2525,0,0.2176,0.5768,0,0.0,0,0.0,54608.81,45159.32,3,0
0.2694,17,0.7856,0.4004,0,0.0,0,0.0,95735.6,82706.82,5,0
0.4072,0,0.607,0.3945,0,0.0,0,0.0,32249.87,27203.9,2,0
0.4875,0,0.423,0.2517,0,0.0,0,0.0,30414.4,44560.18,6,0
0.2582,0,0.1696,0.558,0,0.0,0,0.0,21653.78,23882.84,4,0
0.264,0,0.492,0.3073,0,0.0,0,0.0,87393.48,95857.56,2,0
0.1951,0,0.706,0.4904,0,0.0,0,0.0,52914.61,71701.55,2,0
0.1507,10,0.4714,0.5785,0,0.0,0,0.0,54742.58,64469.44,4,0
0.3068,14,0.1912,0.2264,1,71520.88,0,0.0,119254.15,111134.96,2,0
0.2827,0,0.5543,0.329,0,0.0,0,0.0,212198.56,391894.23,2,0
0.2584,0,0.7673,0.641,0,0.0,0,0.0,71088.18,74074.35,2,0
0.7204,0,0.3469,0.0903,0,0.0,0,0.0,132288.09,70754.36,5,0
0.4561,0,0.6621,0.2872,0,0.0,1,7320.52,103368.88,127162.78,1,0
0.7855,0,0.3203,0.478,1,3047.09,0,0.0,18108.02,11693.66,2,1
0.5834,36,0.5686,0.321,0,0.0,0,0.0,28062.35,42005.9,4,1
0.2812,15,0.4907,0.4232,1,9406.1,0,0.0,95184.34,59354.01,6,0
0.1331,0,0.2697,0.6531,0,0.0,0,0.0,30436.39,47405.59,4,0
0.2053,0,0.8514,0.5392,0,0.0,0,0.0,207299.8,253487.4,5,0
0.2818,37,0.1889,0.2669,0,0.0,1,29749.84,51722.91,64692.13,2,0
0.3049,0,0.232,0.6254,0,0.0,0,0.0,67216.58,82915.95,3,0
0.0925,0,0.4767,0.3534,0,0.0,0,0.0,57906.43,84072.72,3,0
0.3135,0,0.3974,0.3448,0,0.0,0,0.0,50558.09,83725.24,4,0
0.1492,9,0.52,0.3917,0,0.0,1,79837.27,79618.7,73454.28,2,0
0.2947,0,0.6591,0.4502,0,0.0,0,0.0,69838.21,54318.65,3,0
0.3485,0,0.5688,0.1676,0,0.0,0,0.0,76027.2,49767.61,3,0
0.3347,0,0.6053,0.3563,0,0.0,0,0.0,162654.72,168885.49,1,0
0.7727,0,0.3886,0.1318,1,8633.92,0,0.0,47697.46,29392.7,3,0
0.1608,33,0.0528,0.4236,2,19170.42,1,7055.23,71835.65,46723.12,4,0
0.164,0,0.6378,0.6248,0,0.0,0,0.0,101920.32,118247.45,1,0
0.4232,0,0.4431,0.2299,0,0.0,0,0.0,44851.34,49879.46,2,0
0.1636,0,0.5934,0.3794,0,0.0,0,0.0,8005.71,8481.45,3,0
0.3415,22,0.4194,0.361,0,0.0,0,0.0,39555.45,84449.73,6,0
0.3027,0,0.5987,0.3449,0,0.0,0,0.0,384319.24,299945.27,2,0
0.1039,0,0.4233,0.6854,0,0.0,0,0.0,48115.9,31371.2,7,0
0.5317,0,0.208,0.223,1,15745.61,0,0.0,147962.71,204520.47,2,0
0.6469,37,0.6659,0.2189,0,0.0,1,7239.82,92484.28,140977.35,4,0
0.2874,20,0.2405,0.4133,0,0.0,0,0.0,30217.38,22116.44,2,0
0.1768,0,0.3593,0.155,0,0.0,0,0.0,44104.82,33978.31,3,1
0.0396,0,0.5993,0.467,0,0.0,0,0.0,91396.9,114874.84,4,0
0.336,0,0.4887,0.3514,1,24020.13,0,0.0,167212.95,128628.16,1,0
0.1755,0,0.6546,0.1086,0,0.0,1,2593.09,201827.81,361383.09,3,0
0.3228,0,0.3196,0.5318,0,0.0,0,0.0,29696.67,25953.85,2,0
0.2305,0,0.396,0.7774,0,0.0,0,0.0,75609.82,123316.01,6,0
0.6241,26,0.2626,0.8046,0,0.0,0,0.0,114106.49,162653.02,1,0
0.0703,0,0.4033,0.2266,0,0.0,0,0.0,162719.16,100920.43,5,0
0.1415,0,0.1077,0.2869,0,0.0,0,0.0,41463.11,58548.89,2,0
0.4767,0,0.6269,0.2536,0,0.0,0,0.0,64013.71,64242.58,4,0
0.4304,0,0.24,0.4044,0,0.0,1,3560.86,143763.56,106584.3,3,1
0.2087,0,0.269,0.6732,0,0.0,0,0.0,51871.61,69849.35,6,0
0.5414,0,0.5739,0.6062,0,0.0,1,8049.29,25531.85,20719.27,3,0
0.6332,0,0.1471,0.293,0,0.0,0,0.0,61525.05,56729.41,3,0
0.1825,0,0.6758,0.6498,0,0.0,0,0.0,102009.37,176731.53,4,0
0.1095,0,0.1121,0.3911,0,0.0,0,0.0,122478.57,258813.57,2,0
0.3061,0,0.1583,0.3783,1,14151.6,0,0.0,41860.92,38854.92,5,0
0.2753,0,0.3882,0.4341,0,0.0,0,0.0,82216.28,83637.04,2,0
0.3026,0,0.4075,0.5042,0,0.0,0,0.0,96115.19,81628.69,4,0
0.0822,0,0.1062,0.6443,1,28696.62,0,0.0,60167.09,66277.39,5,0
0.1363,0,0.3196,0.3761,0,0.0,0,0.0,71698.85,94344.09,6,0
0.4476,0,0.6295,0.5125,0,0.0,0,0.0,55243.4,51162.41,6,0
0.131,0,0.2795,0.4905,0,0.0,0,0.0,13824.95,16674.61,3,1
0.13,0,0.3817,0.5126,0,0.0,0,0.0,38762.72,70392.73,4,0
0.6512,0,0.1008,0.483,0,0.0,0,0.0,44273.64,22423.02,3,0
0.2139,0,0.1549,0.4767,1,45840.86,0,0.0,19682.71,26688.07,4,0
0.0999,32,0.074,0.6704,0,0.0,0,0.0,43086.18,71683.49,1,0
0.1949,0,0.2228,0.5287,0,0.0,0,0.0,44443.33,42252.1,2,0
0.6702,0,0.155,0.2785,0,0.0,0,0.0,249798.52,311732.57,4,0
0.0856,6,0.7964,0.453,1,34505.92,1,4504.14,92337.62,49517.27,4,0
0.4146,0,0.4123,0.2967,0,0.0,1,20824.37,61294.52,56607.43,4,0
0.2147,42,0.5443,0.3159,0,0.0,0,0.0,63909.07,60629.66,1,0
0.3482,0,0.1484,0.4172,0,0.0,0,0.0,43541.42,40280.73,5,0
0.5474,0,0.7711,0.1687,0,0.0,0,0.0,77963.9,90247.97,6,0
0.5756,0,0.8021,0.4763,0,0.0,0,0.0,84585.43,104348.85,5,0
0.6516,18,0.3979,0.3475,0,0.0,0,0.0,16196.6,35632.51,8,0
0.1367,0,0.3642,0.3703,0,0.0,0,0.0,57563.51,84334.41,6,0
0.2051,0,0.365,0.2904,1,13647.15,0,0.0,9578.19,14435.32,3,0
0.188,45,0.4643,0.5438,1,12166.69,1,12246.64,20260.22,26515.74,2,0
0.3599,0,0.7284,0.7128,0,0.0,0,0.0,158734.69,170158.88,4,0
0.585,0,0.1809,0.3739,0,0.0,1,18977.82,61572.28,54615.63,5,0
0.2968,0,0.5438,0.7821,1,19677.77,1,2182.78,158310.07,170901.66,4,0
0.2717,0,0.5764,0.3497,0,0.0,0,0.0,63508.47,38317.6,1,0
0.1804,0,0.3369,0.3212,0,0.0,0,0.0,39634.8,24110.73,5,0
0.2875,0,0.3119,0.3386,0,0.0,0,0.0,82808.39,80201.01,4,0
0.1701,0,0.3149,0.3522,0,0.0,0,0.0,14357.94,16664.53,4,0
0.1357,0,0.0937,0.3284,0,0.0,0,0.0,50673.36,89846.97,3,0
0.2869,18,0.5986,0.2594,0,0.0,0,0.0,222175.57,318775.14,5,0
0.2276,13,0.6053,0.4551,1,7128.54,0,0.0,14670.4,7056.0,4,1
0.0783,0,0.5506,0.6372,0,0.0,0,0.0,72835.17,53958.12,2,0
0.7192,0,0.6621,0.3775,0,0.0,0,0.0,80908.52,84792.73,8,0
0.2909,16,0.416,0.5172,0,0.0,0,0.0,64715.27,40431.32,1,0
0.1703,18,0.6328,0.8581,0,0.0,0,0.0,116214.93,94281.56,5,0
0.2034,0,0.5748,0.2307,0,0.0,0,0.0,145869.34,320912.56,5,0
0.095,0,0.5314,0.317,0,0.0,0,0.0,32023.64,30072.24,4,0
0.3982,0,0.6627,0.6441,1,26431.67,0,0.0,32923.96,40691.06,5,0
0.3677,0,0.2458,0.7048,0,0.0,0,0.0,76657.52,139487.55,2,0
0.6076,0,0.118,0.4792,0,0.0,0,0.0,54433.72,32454.17,2,0
0.1904,0,0.8035,0.5471,0,0.0,0,0.0,101664.59,49676.83,4,0
0.1369,31,0.4952,0.518,0,0.0,0,0.0,41941.68,46876.56,5,0
0.3857,0,0.2954,0.6917,1,18652.73,0,0.0,130272.74,174869.87,4,0
0.1195,0,0.6521,0.1877,0,0.0,0,0.0,85074.34,106632.34,3,0
0.5104,17,0.3374,0.3802,0,0.0,0,0.0,42536.78,53770.68,3,0
0.4515,3,0.4999,0.7546,1,16897.57,0,0.0,51151.09,35861.71,5,0
0.3471,0,0.4577,0.3383,0,0.0,0,0.0,133301.34,123082.26,4,1
0.1366,0,0.0441,0.1872,0,0.0,0,0.0,17745.76,13933.68,4,0
0.1032,0,0.1992,0.8796,0,0.0,0,0.0,67733.38,90288.74,2,0
0.1521,0,0.6284,0.7808,0,0.0,0,0.0,308552.31,299457.19,5,0
0.1994,45,0.7922,0.4305,1,37871.94,0,0.0,84423.59,122051.24,7,1
0.3128,0,0.2088,0.4217,0,0.0,0,0.0,15683.2,15604.15,5,0
0.2723,0,0.3164,0.6784,0,0.0,0,0.0,37964.01,24178.55,3,0
0.0969,0,0.7058,0.3317,0,0.0,0,0.0,305420.23,400000.31,3,0
0.1184,1,0.2084,0.5194,0,0.0,0,0.0,77911.16,93971.13,3,0
0.0839,7,0.7123,0.5985,0,0.0,0,0.0,22330.11,16730.52,3,0
0.028,0,0.3447,0.5271,0,0.0,0,0.0,88547.33,83140.76,1,0
0.5191,0,0.4947,0.7389,0,0.0,0,0.0,27646.09,44272.47,4,0
0.0728,2,0.3485,0.742,0,0.0,0,0.0,14825.93,16994.69,2,0
0.3388,8,0.3921,0.269,0,0.0,0,0.0,44175.79,52482.44,4,0
0.0577,0,0.7208,0.496,0,0.0,0,0.0,72309.39,83577.87,2,0
0.3021,0,0.2533,0.4783,0,0.0,0,0.0,49039.0,52339.12,4,0
0.4987,0,0.7923,0.1809,0,0.0,1,23968.1,144528.5,187705.38,1,0
0.1836,0,0.4592,0.3921,0,0.0,0,0.0,24586.81,18316.09,5,0
0.5803,0,0.463,0.4512,0,0.0,0,0.0,44611.11,56638.13,3,0
0.1701,0,0.696,0.1966,0,0.0,0,0.0,39170.1,31549.03,2,0
0.3146,0,0.4176,0.6794,0,0.0,0,0.0,24373.12,15647.37,3,1
0.5345,28,0.4433,0.5948,0,0.0,1,15381.48,39243.45,68290.83,4,1
0.5824,0,0.4622,0.4535,0,0.0,0,0.0,66118.82,60640.16,3,0
0.2148,0,0.3418,0.233,0,0.0,0,0.0,75113.08,87266.01,3,0
0.3752,0,0.5694,0.3657,0,0.0,0,0.0,49305.85,70327.01,6,1
0.2935,55,0.4058,0.3753,0,0.0,1,56522.74,26885.11,26595.63,3,0
0.4967,0,0.6075,0.3525,0,0.0,0,0.0,262527.72,297789.77,3,0
0.4361,52,0.4137,0.3818,0,0.0,0,0.0,130857.0,115898.64,4,0
0.3572,21,0.4988,0.625,0,0.0,0,0.0,37883.42,38125.36,2,0
0.1117,0,0.164,0.7489,0,0.0,0,0.0,64497.72,44564.78,1,0
0.3522,32,0.516,0.5264,1,9134.9,0,0.0,96921.65,63073.16,1,1
0.3281,11,0.3901,0.2023,0,0.0,0,0.0,36549.35,27092.35,4,0
0.0238,13,0.1563,0.5427,0,0.0,0,0.0,13284.46,13957.51,1,0
0.1213,0,0.5215,0.5733,1,37659.52,0,0.0,26868.24,30925.81,4,0
0.0317,0,0.1878,0.1166,0,0.0,0,0.0,55308.85,33187.5,3,0
0.0833,0,0.2028,0.7533,0,0.0,0,0.0,45453.42,56370.18,5,0
0.5761,0,0.1016,0.2581,0,0.0,0,0.0,120640.69,123952.12,4,0
0.395,0,0.5883,0.5568,1,24785.54,0,0.0,46768.28,20709.94,5,0
0.1904,3,0.308,0.469,0,0.0,0,0.0,49669.75,39700.13,4,0
0.3569,18,0.6615,0.3758,0,0.0,0,0.0,141746.38,122431.01,3,1
0.58,6,0.3083,0.2465,1,5313.33,0,0.0,33644.21,29790.29,4,0
0.0488,39,0.1816,0.7633,1,6705.58,0,0.0,20930.75,20941.53,3,0
0.0831,16,0.4604,0.3706,1,11236.09,0,0.0,53995.43,30597.4,2,0
0.3303,11,0.5641,0.6621,1,17060.82,0,0.0,25050.12,12594.8,6,1
0.212,0,0.1685,0.1452,0,0.0,0,0.0,47188.92,57578.89,4,0
0.4929,0,0.247,0.5571,0,0.0,1,28896.02,111059.08,90990.78,3,0
0.4284,40,0.2508,0.0824,0,0.0,0,0.0,189495.8,189866.61,4,0
0.2042,0,0.419,0.1408,0,0.0,0,0.0,27495.07,38363.94,5,0
0.1434,31,0.29,0.5004,1,39745.92,0,0.0,31069.32,29604.7,1,0
0.2454,0,0.4796,0.6108,0,0.0,0,0.0,30369.43,21299.18,4,1
0.4648,0,0.788,0.3005,0,0.0,0,0.0,113895.34,201090.82,3,0
0.2781,0,0.0742,0.3569,0,0.0,1,11299.23,121017.43,203594.16,3,1
0.2611,26,0.42,0.5715,0,0.0,0,0.0,32440.51,31435.96,2,0
0.3602,0,0.1948,0.7457,1,12241.07,0,0.0,42617.24,39097.76,4,0
0.4055,0,0.1547,0.4858,0,0.0,0,0.0,14579.56,9400.88,2,1
0.5051,0,0.3691,0.5032,0,0.0,0,0.0,193715.08,163237.38,5,0
0.2392,22,0.6192,0.367,0,0.0,1,8746.07,46191.18,46236.18,2,0
0.6383,0,0.1109,0.4928,0,0.0,0,0.0,31378.92,38294.79,5,0
0.1585,13,0.5701,0.438,0,0.0,0,0.0,42752.59,89651.6,5,0
0.1676,27,0.7936,0.4315,1,11790.8,1,13560.52,70590.84,69970.96,6,1
0.1432,0,0.271,0.5581,0,0.0,0,0.0,83187.74,89077.13,4,0
0.2045,16,0.2969,0.4253,0,0.0,0,0.0,70950.13,82265.18,4,0
0.2688,6,0.101,0.7212,0,0.0,0,0.0,59507.7,58539.53,3,0
0.137,0,0.4479,0.3768,1,14324.95,0,0.0,40962.53,61608.18,1,0
0.4652,0,0.5001,0.3303,0,0.0,0,0.0,173269.04,115534.42,5,0
0.3453,0,0.6245,0.3013,0,0.0,0,0.0,43849.87,47257.3,2,0
0.5409,0,0.616,0.4193,0,0.0,0,0.0,14906.18,11766.88,4,0
0.4112,13,0.3263,0.3726,0,0.0,2,14341.39,25997.92,11169.59,2,0
0.2902,0,0.4299,0.5037,0,0.0,0,0.0,49437.86,63786.43,5,0
0.3408,0,0.4122,0.3091,0,0.0,1,45513.44,111505.64,90271.09,3,0
0.2573,0,0.2758,0.2654,0,0.0,1,26695.42,48769.44,63237.82,4,0
0.2866,0,0.4371,0.1001,0,0.0,0,0.0,63737.5,59861.01,5,0
0.2886,12,0.4464,0.4214,0,0.0,1,67815.34,24260.67,24922.48,4,0
0.2416,0,0.317,0.2682,0,0.0,0,0.0,19907.72,15769.0,1,0
0.4712,0,0.252,0.3493,0,0.0,0,0.0,43731.61,83389.26,6,0
0.3453,24,0.4911,0.1928,0,0.0,0,0.0,304491.94,255351.13,3,0
0.5407,0,0.057,0.4808,0,0.0,0,0.0,145684.85,100703.25,7,1
0.7161,13,0.1966,0.7912,0,0.0,2,40299.22,13469.44,27027.09,4,0
0.1717,9,0.2266,0.6029,0,0.0,0,0.0,36016.29,42243.42,3,0
0.5916,0,0.4129,0.2355,1,27735.78,0,0.0,106787.82,86692.66,4,0
0.4518,21,0.2314,0.7379,1,13387.36,0,0.0,134958.52,123804.46,4,0
0.1139,0,0.3383,0.3714,0,0.0,0,0.0,44121.75,25924.7,2,0
0.6355,0,0.362,0.2484,0,0.0,0,0.0,65136.31,115111.05,5,0
0.0532,6,0.7591,0.3193,0,0.0,0,0.0,159120.14,218747.78,4,0
0.4265,4,0.312,0.2955,1,11681.43,0,0.0,11959.29,19036.77,1,0
0.4156,1,0.3044,0.386,0,0.0,0,0.0,58932.26,52444.79,5,0
0.5663,0,0.4064,0.378,0,0.0,0,0.0,52452.61,65196.8,2,0
0.1384,0,0.4027,0.5,1,5904.03,0,0.0,17608.21,17307.85,5,0
0.1906,24,0.4606,0.245,0,0.0,2,32957.62,170385.23,253338.69,4,1
0.7176,0,0.3705,0.4635,1,3140.88,0,0.0,26960.92,18789.61,3,0
0.5593,0,0.4112,0.4666,0,0.0,0,0.0,16326.08,9922.74,4,0
0.3211,0,0.5747,0.2786,0,0.0,0,0.0,21132.81,20304.6,6,0
0.1739,21,0.5222,0.5846,0,0.0,0,0.0,100900.48,61816.93,2,0
0.6566,0,0.5271,0.5801,0,0.0,1,9803.12,22738.83,27376.45,5,0
0.3387,2,0.4703,0.048,1,7451.62,0,0.0,19568.32,12821.54,3,0
0.1711,22,0.4756,0.3252,0,0.0,0,0.0,33380.6,56047.95,4,0
0.2031,0,0.8624,0.4514,0,0.0,0,0.0,38671.88,71539.11,2,0
0.2697,0,0.3149,0.659,0,0.0,0,0.0,68728.32,75266.53,4,0
0.0872,0,0.3389,0.0356,0,0.0,0,0.0,37599.13,50214.59,2,0
0.2528,0,0.2054,0.6235,0,0.0,0,0.0,150506.13,132360.66,4,0
0.2148,35,0.6634,0.6204,0,0.0,0,0.0,27209.18,30390.37,2,1
0.3862,0,0.184,0.667,0,0.0,0,0.0,31260.14,51985.12,4,0
0.0764,0,0.1969,0.7927,0,0.0,0,0.0,46140.79,46360.18,5,0
0.0623,0,0.2954,0.1327,1,11112.94,0,0.0,88599.13,110485.1,3,0
0.1756,0,0.6084,0.7973,0,0.0,0,0.0,40802.3,31499.67,4,0
0.371,13,0.5489,0.3515,0,0.0,0,0.0,106634.35,169767.83,6,1
0.6562,44,0.4107,0.3062,0,0.0,1,24870.59,53520.35,47668.6,3,1
0.4115,0,0.2805,0.3893,0,0.0,1,26415.2,40043.3,74302.74,4,0
0.3562,0,0.2937,0.0408,0,0.0,0,0.0,30065.49,62957.85,4,0
0.568,0,0.6684,0.4608,0,0.0,0,0.0,54944.64,47560.8,2,0
0.1981,0,0.256,0.6625,0,0.0,1,6206.85,82246.63,103454.87,5,0
0.3918,0,0.3474,0.449,0,0.0,0,0.0,105636.23,78985.69,2,0
0.4359,0,0.1513,0.2995,1,12909.33,0,0.0,89265.0,134180.19,4,0
0.1503,35,0.3981,0.3849,0,0.0,1,54445.41,41732.33,57664.08,3,0
0.349,0,0.5205,0.5463,0,0.0,0,0.0,41174.52,40744.08,4,0
0.5987,21,0.2167,0.6853,1,9348.17,1,16214.29,69197.46,96494.72,6,0
0.2857,0,0.4965,0.8622,0,0.0,0,0.0,16638.63,13637.97,6,0
0.3386,0,0.5302,0.5409,0,0.0,0,0.0,53098.41,46720.94,1,0
0.6057,0,0.572,0.2362,0,0.0,0,0.0,133875.6,154338.0,4,0
0.2431,13,0.2,0.465,0,0.0,1,9892.62,86165.89,151905.92,3,0
0.6716,0,0.1969,0.4501,0,0.0,1,39438.8,34784.84,27055.51,3,0
0.394,0,0.2805,0.1486,1,11966.88,0,0.0,63389.42,56364.81,4,0
0.2492,6,0.3917,0.4014,1,56805.33,0,0.0,20623.46,23149.97,3,1
0.1634,0,0.1395,0.1398,0,0.0,0,0.0,42564.0,59223.41,8,0
0.3399,0,0.2399,0.453,0,0.0,0,0.0,29625.09,13741.69,3,0
0.3987,0,0.4837,0.4769,0,0.0,0,0.0,73768.01,72164.83,1,0
0.187,0,0.5629,0.7188,0,0.0,0,0.0,82715.49,65887.29,3,0
0.3924,0,0.1944,0.5937,0,0.0,0,0.0,31299.15,31306.1,3,0
0.096,0,0.1649,0.5822,0,0.0,0,0.0,65280.33,63715.53,3,0
0.1044,32,0.562,0.495,0,0.0,0,0.0,199378.59,172130.74,1,0
0.4633,0,0.6919,0.6741,0,0.0,0,0.0,88479.67,70603.4,3,0
0.2935,0,0.158,0.0737,0,0.0,0,0.0,154478.13,104110.75,4,0
0.1037,13,0.335,0.6878,0,0.0,0,0.0,152464.37,93193.86,4,0
0.2278,30,0.4089,0.5576,1,17392.32,1,24557.65,59728.68,34906.03,3,0
0.306,23,0.2037,0.6448,0,0.0,0,0.0,88269.63,104751.79,2,0
0.6989,0,0.1609,0.3363,0,0.0,0,0.0,248624.7,107304.28,6,0
0.5466,0,0.4024,0.5719,0,0.0,0,0.0,65348.83,68494.31,2,0
0.0897,16,0.7546,0.8675,0,0.0,0,0.0,312431.43,219937.5,5,1
0.1162,0,0.2258,0.3118,0,0.0,0,0.0,106711.05,108153.33,3,0
0.53,0,0.8678,0.2578,0,0.0,0,0.0,71873.0,102366.56,3,0
0.3901,0,0.6319,0.1844,0,0.0,0,0.0,78331.63,59373.92,5,0
0.161,0,0.4314,0.3134,0,0.0,0,0.0,22967.37,24411.81,4,0
0.5382,0,0.0794,0.732,0,0.0,0,0.0,34659.49,25233.0,2,0
0.3367,29,0.4873,0.5168,0,0.0,0,0.0,21190.71,20929.54,3,0
0.2528,0,0.2324,0.2811,0,0.0,0,0.0,63018.02,54652.57,3,0
0.4263,0,0.1572,0.674,0,0.0,1,15370.17,34808.98,32766.86,3,0
0.146,0,0.0968,0.3979,0,0.0,0,0.0,26900.47,19862.21,4,0
0.1718,0,0.4819,0.5021,0,0.0,0,0.0,91829.79,131358.24,3,0
0.4369,15,0.3424,0.6186,1,11454.75,2,38099.7,53007.49,82859.96,3,0
0.2598,0,0.34,0.4053,0,0.0,0,0.0,69447.52,132352.78,4,0
0.5084,0,0.1442,0.2509,0,0.0,1,37383.9,14643.84,17505.77,3,1
0.0614,41,0.4643,0.3469,0,0.0,0,0.0,66643.61,82123.82,5,0
0.5548,31,0.2802,0.6137,0,0.0,0,0.0,51026.56,54151.46,3,1
0.4081,16,0.4786,0.3739,1,49365.99,0,0.0,71175.06,120208.1,3,0
0.3217,0,0.4559,0.5501,0,0.0,0,0.0,117733.64,132373.28,6,0
0.4112,0,0.2354,0.52,0,0.0,0,0.0,90551.69,93526.67,2,0
0.2423,0,0.6257,0.4926,0,0.0,0,0.0,56627.62,96825.41,2,0
0.4613,0,0.6974,0.3351,0,0.0,0,0.0,32600.74,64306.94,2,0
0.4855,0,0.4883,0.3779,0,0.0,0,0.0,127173.62,87817.63,1,0
0.0858,0,0.1866,0.3948,0,0.0,0,0.0,160200.01,219607.14,3,0
0.197,0,0.7337,0.299,0,0.0,1,47039.94,62113.14,64106.45,6,1
0.3234,15,0.5812,0.3329,1,44529.96,1,4895.58,34851.29,51864.38,3,1
0.0117,0,0.552,0.1919,0,0.0,0,0.0,14966.75,16456.11,6,0
0.1243,0,0.2509,0.5148,0,0.0,0,0.0,37819.31,17251.84,4,0
0.1453,0,0.5449,0.6849,0,0.0,0,0.0,20009.46,25386.67,5,0
0.178,0,0.4611,0.5874,0,0.0,0,0.0,108713.55,141337.05,3,0
0.2121,23,0.6346,0.7289,1,19625.13,1,78896.76,62884.77,63898.39,4,0
0.4722,0,0.3921,0.5531,0,0.0,0,0.0,29141.39,46651.96,3,0
0.0357,0,0.3399,0.2473,0,0.0,0,0.0,48954.91,58370.9,5,0
0.0414,0,0.4424,0.2228,0,0.0,0,0.0,79399.92,39585.33,4,0
0.3448,0,0.1439,0.4747,0,0.0,0,0.0,12701.79,18858.98,3,0
0.5282,3,0.3171,0.5104,1,11138.99,1,5370.88,182765.33,134758.71,5,0
0.3751,0,0.631,0.3448,0,0.0,0,0.0,264082.97,329769.67,3,0
0.3555,0,0.4134,0.6079,1,33263.74,0,0.0,145120.84,102221.35,4,0
0.1168,0,0.4437,0.5901,0,0.0,0,0.0,84968.03,45847.07,6,0
0.5215,39,0.1062,0.1959,1,10489.87,0,0.0,362340.29,304092.73,6,1
0.1459,0,0.3769,0.1974,0,0.0,1,22559.74,66173.09,74416.52,5,0
0.3522,0,0.5477,0.5379,0,0.0,0,0.0,79019.97,46058.43,4,0
0.1529,0,0.299,0.5219,0,0.0,0,0.0,25027.79,18467.85,1,0
0.44,0,0.3038,0.3569,1,7105.96,0,0.0,63788.68,45541.52,3,0
0.1146,0,0.1861,0.6819,0,0.0,0,0.0,76272.21,99775.97,1,0
0.46,0,0.6003,0.2743,1,25905.74,0,0.0,118505.77,83120.27,3,0
0.1783,0,0.5123,0.4359,0,0.0,0,0.0,52290.77,46962.42,3,0
0.448,46,0.4432,0.5559,1,4641.42,1,9307.3,25054.76,15600.49,4,0
0.1985,0,0.5638,0.4411,0,0.0,0,0.0,50273.33,53179.87,6,1
0.4222,0,0.2207,0.1364,0,0.0,0,0.0,183357.17,153167.13,1,0
0.0801,17,0.6587,0.382,0,0.0,0,0.0,96526.48,79126.59,1,0
0.1688,0,0.758,0.1477,0,0.0,0,0.0,48993.26,27145.58,4,0
0.1478,0,0.5499,0.8054,0,0.0,0,0.0,97608.48,63110.05,3,1
0.4485,0,0.2962,0.6118,1,8464.59,0,0.0,119198.54,105680.72,2,0
0.3127,0,0.6596,0.7925,0,0.0,0,0.0,28299.17,47837.85,5,0
0.266,10,0.5483,0.642,1,1511.83,0,0.0,23116.72,26059.27,3,0
0.2461,0,0.3988,0.5786,1,16642.16,0,0.0,84554.33,116121.57,6,0
0.3792,0,0.3872,0.1351,1,22417.99,0,0.0,16180.47,20673.9,3,0
0.2261,0,0.4652,0.5545,0,0.0,0,0.0,39331.84,28325.04,5,0
0.633,0,0.2142,0.4374,0,0.0,0,0.0,355656.1,318263.44,2,0
0.7029,0,0.4403,0.2704,0,0.0,1,16014.02,70182.8,66957.49,2,0
0.514,31,0.7596,0.5202,1,8346.75,0,0.0,34011.34,41688.67,4,1
0.0506,9,0.4799,0.5362,1,10697.54,1,19348.91,108991.87,113161.41,3,0
0.1303,0,0.716,0.5217,0,0.0,0,0.0,26665.06,19842.33,1,0
0.5495,0,0.4491,0.5173,0,0.0,0,0.0,338554.69,636502.74,4,0
0.3741,0,0.6,0.5195,0,0.0,0,0.0,54499.12,37946.47,2,0
0.2552,0,0.2475,0.1582,0,0.0,0,0.0,25267.49,39848.26,4,0
0.3191,0,0.6304,0.4621,0,0.0,1,44729.53,52749.74,44406.44,4,1
0.1686,15,0.5422,0.1955,0,0.0,0,0.0,40950.52,54212.38,3,0
0.7199,22,0.2518,0.3773,0,0.0,0,0.0,43604.34,40580.74,4,0
0.2123,0,0.1529,0.6111,0,0.0,0,0.0,26344.69,20803.58,3,0
0.4499,0,0.4644,0.4445,2,24177.69,1,81463.93,31534.9,18250.76,5,0
0.2815,0,0.5109,0.7515,0,0.0,0,0.0,203005.8,183525.82,3,1
0.3855,0,0.3959,0.5138,0,0.0,0,0.0,34662.06,55295.69,3,0
0.2763,0,0.5278,0.6763,0,0.0,0,0.0,42389.66,48590.7,3,0
0.0379,0,0.3567,0.5841,0,0.0,0,0.0,240845.24,203711.87,3,0
0.334,31,0.3066,0.1619,0,0.0,0,0.0,7512.57,7317.47,3,0
0.2428,0,0.232,0.6552,0,0.0,0,0.0,168684.16,268409.87,4,0
0.4038,0,0.4461,0.711,0,0.0,0,0.0,89455.46,71492.94,4,0
0.4293,0,0.3684,0.4498,0,0.0,0,0.0,145270.06,93687.68,2,0
0.4359,0,0.583,0.6008,0,0.0,1,16451.38,117930.96,214346.82,2,0
0.524,0,0.5632,0.2484,0,0.0,1,16478.75,27107.24,19626.33,2,1
0.1691,12,0.4944,0.5484,0,0.0,1,7881.22,40877.9,31501.04,6,1
0.2966,0,0.3427,0.0802,0,0.0,0,0.0,235091.0,290597.47,5,0
0.2323,60,0.1617,0.2531,1,16733.88,1,86512.52,14980.81,17597.88,4,0
0.3952,0,0.4132,0.4252,0,0.0,0,0.0,50182.97,49849.46,2,0
0.3115,0,0.1647,0.6242,0,0.0,0,0.0,205898.92,281499.87,3,0
0.174,0,0.9016,0.4195,0,0.0,0,0.0,133668.2,113212.28,3,0
0.3972,0,0.2709,0.5561,0,0.0,0,0.0,94391.09,76097.22,1,0
0.1477,0,0.5689,0.338,0,0.0,0,0.0,23435.86,20704.44,4,0
0.2669,0,0.4955,0.6578,0,0.0,0,0.0,42404.69,17883.53,5,0
0.2249,0,0.4442,0.6716,0,0.0,0,0.0,185379.81,193537.15,4,0
0.3512,0,0.7403,0.7084,0,0.0,0,0.0,243225.2,356958.97,4,0
0.2913,0,0.1822,0.4726,0,0.0,0,0.0,80837.07,88959.3,2,0
0.1467,0,0.2481,0.4623,0,0.0,0,0.0,141258.7,74624.72,6,0
0.2763,0,0.1397,0.1905,1,21113.27,0,0.0,103388.38,97325.67,3,0
0.5574,30,0.1121,0.2251,0,0.0,1,72497.54,57000.39,48982.14,3,0
0.3941,48,0.3569,0.564,1,8674.14,2,19058.34,131276.31,91370.02,5,0
0.3114,0,0.2531,0.3093,0,0.0,0,0.0,129942.3,86944.39,2,0
0.3134,0,0.1171,0.2814,0,0.0,0,0.0,85967.52,70034.87,4,0
0.4419,20,0.4446,0.2566,2,25141.01,0,0.0,138455.76,213750.03,4,0
0.2739,0,0.4472,0.552,0,0.0,0,0.0,102664.58,87870.07,4,0
0.2529,0,0.4079,0.4434,0,0.0,0,0.0,10883.37,14392.94,3,0
0.3059,12,0.3697,0.3707,1,28545.42,0,0.0,27736.06,28787.39,4,0
0.3808,32,0.5893,0.2485,0,0.0,0,0.0,180583.94,120294.4,1,0
0.1834,35,0.4094,0.3323,0,0.0,0,0.0,94468.33,90129.77,3,0
0.7206,0,0.6211,0.2043,0,0.0,0,0.0,119586.44,79662.24,2,0
0.0615,0,0.076,0.8109,0,0.0,0,0.0,84548.42,66482.57,2,0
0.273,0,0.2392,0.3119,0,0.0,0,0.0,55886.04,37686.71,4,0
0.4422,0,0.3966,0.2309,0,0.0,0,0.0,34927.54,39615.77,1,0
0.1489,0,0.2805,0.3025,0,0.0,0,0.0,204228.6,239382.84,4,1
0.1002,0,0.6219,0.1322,0,0.0,0,0.0,212545.41,93725.54,7,0
0.2484,25,0.4413,0.5885,0,0.0,1,32782.53,49302.79,85190.0,4,0
0.2116,0,0.3979,0.4626,0,0.0,0,0.0,36396.94,34891.98,3,0
0.1281,0,0.2954,0.2633,0,0.0,0,0.0,81964.56,77099.96,3,0
0.1594,0,0.6288,0.3444,0,0.0,0,0.0,40230.23,49016.57,2,0
0.2543,0,0.6019,0.3036,0,0.0,0,0.0,140205.55,240275.06,2,0
0.4294,0,0.5136,0.4638,0,0.0,0,0.0,39543.0,37932.57,4,0
0.4378,0,0.742,0.2694,1,19797.58,0,0.0,133003.19,130659.29,3,0
0.2482,16,0.412,0.2992,2,18222.96,0,0.0,24485.14,24844.98,6,0
0.0359,0,0.4739,0.6612,0,0.0,0,0.0,36569.59,32157.1,2,0
0.3328,0,0.5875,0.488,0,0.0,0,0.0,84842.63,133619.94,1,0
0.167,0,0.5534,0.6796,0,0.0,0,0.0,68003.12,86497.52,3,0
0.528,0,0.3451,0.4156,1,7911.08,0,0.0,14871.27,13645.93,5,0
0.0997,0,0.827,0.4967,0,0.0,0,0.0,31428.43,34482.64,1,0
0.4775,13,0.3306,0.3556,0,0.0,1,61942.16,13549.32,20615.93,6,0
0.4016,0,0.298,0.3011,0,0.0,0,0.0,123541.41,220959.72,2,0
0.008,21,0.7207,0.2941,0,0.0,0,0.0,33015.25,43931.55,2,1
0.0908,0,0.3962,0.7149,1,11400.47,0,0.0,17667.2,25185.84,3,0
0.2336,0,0.5169,0.6104,0,0.0,0,0.0,84567.51,134640.78,1,0
0.3055,2,0.3642,0.5697,0,0.0,0,0.0,32179.78,26700.73,2,0
0.3908,0,0.6112,0.2569,0,0.0,0,0.0,24327.54,19795.02,5,0
0.3241,0,0.2536,0.3088,0,0.0,0,0.0,137204.34,105458.05,6,0
0.3548,0,0.7518,0.6837,1,37500.61,0,0.0,68491.61,52290.95,4,1
0.1557,0,0.5617,0.5177,0,0.0,0,0.0,62801.38,73668.92,3,0
0.1177,0,0.2899,0.1966,1,2720.69,0,0.0,49160.44,48555.87,1,0
0.1066,0,0.5291,0.3959,0,0.0,0,0.0,89634.85,102660.87,3,0
0.1213,0,0.2006,0.416,0,0.0,0,0.0,25782.5,26236.09,3,0
0.4167,0,0.5748,0.1465,1,16400.39,0,0.0,51686.89,37733.81,3,0
0.3736,0,0.6257,0.6348,0,0.0,1,8416.12,55427.17,56520.58,1,0
0.3113,0,0.5002,0.1922,0,0.0,0,0.0,36585.18,32316.7,6,0
0.1647,0,0.2482,0.7733,0,0.0,1,37266.74,28027.61,28894.93,5,0
0.399,0,0.5448,0.7858,0,0.0,0,0.0,155825.49,133373.08,3,1
0.2639,0,0.563,0.788,0,0.0,0,0.0,178398.69,291620.5,3,0
0.2925,0,0.4723,0.6499,0,0.0,1,17147.35,475866.19,336929.37,4,0
0.137,1,0.4298,0.4537,0,0.0,0,0.0,31274.26,46828.22,2,0
0.1629,0,0.2806,0.7987,1,8836.46,0,0.0,274703.71,338205.13,3,0
0.4188,13,0.4454,0.3818,0,0.0,0,0.0,137359.62,128466.63,4,0
0.4943,0,0.3198,0.688,0,0.0,1,118048.44,80797.12,62957.66,5,1
0.4617,60,0.2816,0.4637,0,0.0,0,0.0,66053.78,124488.34,2,1
0.2049,0,0.5451,0.4556,0,0.0,0,0.0,294107.5,171767.33,3,0
0.2885,0,0.2191,0.388,0,0.0,0,0.0,46018.09,50228.11,3,0
0.201,0,0.6266,0.2523,0,0.0,0,0.0,31716.92,33037.74,3,0
0.1341,0,0.2487,0.4758,0,0.0,0,0.0,25166.89,31240.44,2,0
0.2199,0,0.675,0.4797,0,0.0,0,0.0,46175.37,101585.8,6,0
0.4662,0,0.3803,0.3367,2,28045.78,0,0.0,161950.76,117771.64,5,0
0.0822,0,0.4621,0.3359,0,0.0,0,0.0,360556.91,603784.52,3,0
0.5926,13,0.4971,0.453,0,0.0,1,16323.29,33268.3,61810.39,3,0
0.3293,0,0.2896,0.3508,0,0.0,0,0.0,34630.14,35540.27,4,1
0.2189,0,0.2678,0.8393,1,10328.12,1,11477.75,99961.69,68354.98,2,0
0.4943,0,0.0502,0.7781,0,0.0,0,0.0,34547.37,20713.07,4,0
0.2155,12,0.2773,0.7416,0,0.0,1,50003.86,51646.57,63845.17,3,1
0.2177,37,0.2371,0.0877,0,0.0,1,10732.91,130674.76,139054.66,3,0
0.112,0,0.6063,0.3634,0,0.0,0,0.0,79110.04,95883.02,3,0
0.3728,0,0.4357,0.1101,0,0.0,0,0.0,54467.28,26962.41,4,0
0.1733,0,0.1847,0.5523,0,0.0,0,0.0,104463.73,59307.96,1,0
0.5003,0,0.3771,0.4742,0,0.0,0,0.0,44667.03,45108.46,4,0
0.1169,0,0.1706,0.222,0,0.0,0,0.0,38583.41,34532.31,5,0
0.7194,0,0.3506,0.7568,0,0.0,1,62551.67,28807.57,29189.05,2,0
0.1437,0,0.3241,0.4678,0,0.0,0,0.0,63751.09,89815.16,4,0
0.5645,0,0.2691,0.7633,1,12589.49,1,40505.79,209033.39,167727.67,2,1
0.3921,0,0.3036,0.4898,1,15771.19,0,0.0,258168.54,379649.01,2,0
0.2531,16,0.3451,0.5403,0,0.0,0,0.0,184475.02,150670.69,2,0
0.384,0,0.2232,0.3315,0,0.0,0,0.0,14196.47,11528.78,5,0
0.6271,0,0.2612,0.6085,0,0.0,1,26667.64,41633.77,30708.6,6,0
0.4203,0,0.2993,0.3588,0,0.0,0,0.0,38903.14,66857.55,1,0
0.6114,0,0.3213,0.5247,0,0.0,1,23698.14,92012.54,76702.13,3,0
0.1529,0,0.3673,0.2605,0,0.0,0,0.0,141857.49,179896.15,2,0
0.0289,10,0.3472,0.2777,0,0.0,1,10200.46,153420.0,144207.51,4,0
0.1994,0,0.6918,0.6039,0,0.0,0,0.0,81329.17,43283.13,4,0
0.6447,0,0.6936,0.6755,0,0.0,0,0.0,121526.63,175771.59,3,0
0.261,46,0.3046,0.402,0,0.0,0,0.0,255977.55,102391.02,4,0
0.0584,30,0.3239,0.5568,1,13100.22,0,0.0,43239.33,40585.85,4,0
0.4698,0,0.7737,0.305,0,0.0,0,0.0,66466.52,54516.78,4,0
0.2912,0,0.3947,0.2499,0,0.0,0,0.0,35258.15,35051.94,5,0
0.1765,0,0.3506,0.572,0,0.0,0,0.0,17981.32,8107.66,5,0
0.1431,0,0.2252,0.5931,0,0.0,0,0.0,53892.73,59556.97,3,0
0.2502,4,0.8853,0.6132,0,0.0,1,6093.39,39385.56,25381.83,3,0
0.3132,0,0.3369,0.1913,2,38352.92,0,0.0,284256.57,243325.03,3,0
0.5448,0,0.4945,0.3181,0,0.0,0,0.0,134628.65,160831.38,3,0
0.1397,0,0.398,0.3095,0,0.0,0,0.0,43261.68,20442.62,4,0
0.5496,0,0.6224,0.6003,0,0.0,0,0.0,75261.74,40348.29,3,0
0.3192,0,0.6355,0.4368,0,0.0,1,24940.56,120596.13,156059.67,2,0
0.5672,0,0.7306,0.7166,0,0.0,1,65887.0,47784.93,105126.85,4,0
0.0467,0,0.4669,0.4193,0,0.0,0,0.0,52495.13,51392.55,5,0
0.1904,0,0.5072,0.3686,0,0.0,0,0.0,39940.02,49904.33,4,0
0.3334,4,0.6595,0.5759,0,0.0,0,0.0,20165.24,17439.68,4,0
0.0526,0,0.6184,0.2163,0,0.0,0,0.0,88643.32,112272.26,3,0
0.2881,0,0.1853,0.0943,0,0.0,0,0.0,124745.89,61574.22,4,0
0.2852,0,0.4948,0.4381,0,0.0,0,0.0,36636.52,22326.0,2,0
0.2432,0,0.2614,0.4559,0,0.0,0,0.0,255346.7,204613.92,3,0
0.2189,0,0.4389,0.5114,0,0.0,0,0.0,56634.98,64642.77,3,0
0.236,0,0.3488,0.6723,0,0.0,0,0.0,43783.96,81706.38,4,0
0.5166,0,0.1979,0.4314,0,0.0,1,4930.69,136582.49,126174.93,6,1
0.0921,0,0.4471,0.551,0,0.0,0,0.0,145975.09,168556.44,2,0
0.2033,0,0.5862,0.6833,0,0.0,1,12458.72,60261.81,61067.08,3,0
0.3895,0,0.3102,0.2685,0,0.0,0,0.0,46547.97,51690.16,6,1
0.5626,0,0.5764,0.4516,0,0.0,0,0.0,159950.8,112854.74,2,0
0.3361,0,0.7939,0.1873,0,0.0,0,0.0,79387.04,67763.76,4,0
0.1471,0,0.3838,0.3265,0,0.0,1,21968.69,125833.91,200591.02,3,0
0.3291,10,0.3445,0.6061,0,0.0,0,0.0,28611.78,36530.24,1,0
0.4253,0,0.2673,0.2829,0,0.0,0,0.0,118860.4,65321.96,5,0
0.0577,0,0.8592,0.6293,0,0.0,0,0.0,76875.31,169125.69,2,0
0.4937,0,0.3262,0.3156,0,0.0,0,0.0,46330.16,30113.08,5,0
0.4598,32,0.5702,0.289,0,0.0,1,25867.16,84882.79,65608.82,4,0
0.3347,0,0.1954,0.4818,1,8292.63,0,0.0,75996.71,59335.39,3,0
0.1455,0,0.691,0.7016,0,0.0,0,0.0,45007.51,50786.28,3,0
0.4103,0,0.2954,0.3233,0,0.0,0,0.0,47054.61,26388.49,1,0
0.245,0,0.1716,0.5967,0,0.0,1,3910.05,50314.6,30784.01,2,0
0.48,0,0.5166,0.6781,0,0.0,0,0.0,20848.5,16863.78,4,0
0.5138,0,0.4067,0.3391,0,0.0,0,0.0,106323.05,78115.34,1,0
0.4142,0,0.4337,0.6433,0,0.0,1,12110.0,37543.48,29479.41,5,0
0.4687,47,0.0509,0.2393,0,0.0,1,19730.14,280140.12,432270.49,5,1
0.191,0,0.3222,0.4439,0,0.0,0,0.0,32459.07,42039.49,5,0
0.3238,0,0.346,0.4913,0,0.0,0,0.0,78764.55,91255.36,4,0
0.4063,0,0.4862,0.6437,0,0.0,1,11346.01,399335.72,630141.82,5,1
0.2905,0,0.4109,0.4683,0,0.0,0,0.0,99433.65,97073.33,5,1
0.2528,0,0.175,0.3383,0,0.0,0,0.0,166752.66,75763.05,3,0
0.35,0,0.3494,0.2282,0,0.0,0,0.0,188690.68,143715.91,4,0
0.1807,0,0.4815,0.2971,0,0.0,0,0.0,53957.96,48226.32,3,0
0.6718,13,0.1117,0.4671,1,1342.39,0,0.0,68566.08,74688.41,2,0
0.1406,0,0.4605,0.4641,0,0.0,0,0.0,167402.84,160439.53,4,0
0.6531,0,0.2666,0.3309,0,0.0,0,0.0,34697.54,49268.43,3,0
0.6684,0,0.4377,0.1047,1,12174.32,1,26004.85,79296.95,61773.23,5,0
0.4967,0,0.0632,0.7618,0,0.0,0,0.0,41547.23,39699.2,5,0
0.2236,0,0.5999,0.6269,0,0.0,0,0.0,90259.71,57271.68,1,0
0.0489,0,0.561,0.3206,0,0.0,0,0.0,452688.77,531203.76,2,0
0.1574,0,0.4551,0.7481,0,0.0,0,0.0,6792.47,9896.24,1,0
0.1809,0,0.1875,0.2261,0,0.0,0,0.0,147830.56,102405.35,4,0
0.2522,0,0.3471,0.638,0,0.0,0,0.0,363150.34,365790.55,3,0
0.5388,0,0.5491,0.5327,0,0.0,0,0.0,52532.88,52190.4,5,0
0.1179,26,0.3053,0.4056,0,0.0,0,0.0,91735.05,66173.62,4,0
0.2272,0,0.4826,0.34,0,0.0,0,0.0,35111.73,19636.22,6,0
0.232,0,0.285,0.4179,0,0.0,0,0.0,17125.59,19191.5,4,0
0.5633,0,0.1144,0.5696,0,0.0,0,0.0,20867.26,11706.0,4,0
0.4477,0,0.5738,0.587,0,0.0,1,90791.94,19935.29,18388.17,3,0
0.2585,0,0.5349,0.4381,0,0.0,0,0.0,82768.79,128325.75,1,0
0.1916,19,0.6246,0.2443,0,0.0,1,1171.06,28874.61,23469.78,2,0
0.4555,0,0.3379,0.398,0,0.0,0,0.0,137392.97,195042.59,4,0
0.4676,0,0.7857,0.2776,1,4361.31,0,0.0,55982.24,51519.48,3,0
0.3027,0,0.5157,0.816,0,0.0,1,27771.57,24613.45,26536.73,4,0
0.4883,0,0.2712,0.326,0,0.0,0,0.0,14253.25,9932.21,2,0
0.091,0,0.4971,0.2734,0,0.0,0,0.0,52529.33,50388.36,4,1
0.3883,0,0.6543,0.6134,0,0.0,0,0.0,122343.69,191133.45,4,0
0.3187,0,0.5001,0.3094,1,7272.05,0,0.0,104449.31,146277.18,4,0
0.2016,10,0.3768,0.9101,1,5893.15,0,0.0,99225.7,94049.95,3,0
0.4748,0,0.6667,0.7389,0,0.0,0,0.0,57883.11,29838.87,4,1
0.3984,0,0.5307,0.3307,1,19885.68,0,0.0,160714.68,151535.48,6,0
0.3823,59,0.8035,0.4265,1,32264.05,2,34810.16,68121.49,49923.54,4,0
0.4139,36,0.4945,0.8444,0,0.0,1,56355.86,32890.57,36103.17,4,0
0.5306,0,0.2143,0.4876,0,0.0,0,0.0,91318.28,91196.37,1,0
0.0842,0,0.6835,0.5639,0,0.0,0,0.0,39081.75,53000.72,4,0
0.132,12,0.2309,0.5663,0,0.0,0,0.0,67241.35,39530.12,5,0
0.5255,0,0.4995,0.3368,0,0.0,0,0.0,39543.47,44860.34,3,0
0.346,0,0.6565,0.5504,0,0.0,0,0.0,78449.33,51841.08,3,0
0.528,0,0.3624,0.6077,0,0.0,0,0.0,120062.0,110520.85,7,0
0.2724,0,0.9054,0.1752,1,22765.38,0,0.0,9732.06,6148.08,3,0
0.3683,9,0.4585,0.4442,1,165175.12,0,0.0,40503.36,48731.92,2,0
0.3846,0,0.2217,0.5751,1,21915.02,0,0.0,29946.34,41980.03,4,1
0.096,0,0.5659,0.5567,0,0.0,0,0.0,66880.15,60340.48,3,0
0.1124,10,0.4374,0.3057,0,0.0,0,0.0,38415.25,22708.84,4,0
0.1451,0,0.2514,0.1225,0,0.0,0,0.0,105874.97,134052.57,1,0
0.4646,0,0.818,0.5401,0,0.0,0,0.0,133166.04,54122.86,3,0
0.4755,0,0.4374,0.3396,1,5612.54,0,0.0,165648.48,158342.58,5,1
0.099,0,0.1951,0.8837,0,0.0,0,0.0,78175.6,107274.01,1,0
0.425,0,0.6646,0.1822,0,0.0,0,0.0,80097.25,44126.13,2,0
0.2577,0,0.6365,0.0764,0,0.0,0,0.0,17575.22,18136.02,4,0
0.2911,0,0.6382,0.305,1,37444.32,0,0.0,40120.22,60080.18,3,0
0.068,0,0.5154,0.6438,0,0.0,0,0.0,81063.23,98440.75,4,0
0.1802,0,0.7153,0.8222,0,0.0,0,0.0,27824.38,52511.45,1,0
0.1006,30,0.5624,0.517,0,0.0,1,15020.7,23103.25,20688.9,5,0
0.7283,16,0.4673,0.6762,1,8837.75,0,0.0,108570.14,118897.82,3,0
0.2868,0,0.2346,0.588,0,0.0,0,0.0,60454.73,114194.54,4,1
0.1542,0,0.3346,0.4238,1,23371.92,0,0.0,28993.53,20289.07,2,1
0.2905,0,0.3192,0.5157,0,0.0,0,0.0,126141.6,157105.07,5,0
0.0973,6,0.4626,0.2785,0,0.0,0,0.0,18770.12,26531.98,6,0
0.3424,43,0.3136,0.2968,1,1957.31,1,32371.13,14172.12,17925.5,4,0
0.2513,0,0.4467,0.5111,0,0.0,0,0.0,212811.64,169075.89,2,0
0.2416,0,0.4228,0.695,0,0.0,0,0.0,45678.61,57953.29,2,0
0.3331,0,0.32,0.6537,0,0.0,0,0.0,68330.18,43982.3,3,1
0.4972,6,0.1783,0.5347,0,0.0,0,0.0,113093.15,74565.0,2,0
0.3271,0,0.2105,0.582,0,0.0,1,6410.61,368043.85,508080.56,4,0
0.0779,0,0.211,0.3777,0,0.0,0,0.0,23109.12,37409.6,5,0
0.4414,30,0.8355,0.7263,0,0.0,1,5332.76,75713.94,143046.67,4,0
0.2611,4,0.4475,0.2517,0,0.0,0,0.0,119148.62,61618.03,1,0
0.4324,0,0.5252,0.4071,1,3987.06,0,0.0,166161.82,115736.01,4,1
0.357,0,0.3736,0.4536,0,0.0,0,0.0,79477.83,55226.0,3,0
0.2498,0,0.5178,0.5731,0,0.0,0,0.0,6457.54,4633.35,1,0
0.4661,0,0.4669,0.2046,0,0.0,0,0.0,97500.48,93916.68,2,0
0.7372,49,0.6668,0.1217,1,16677.24,1,4541.54,121767.53,122797.69,4,1
0.3835,0,0.2314,0.3137,0,0.0,1,27474.07,59731.27,34592.26,4,0
0.232,0,0.444,0.633,0,0.0,0,0.0,344029.28,271905.28,2,0
0.4957,0,0.6183,0.1942,0,0.0,1,34432.56,18296.72,10764.25,4,0
0.2055,0,0.4438,0.5572,0,0.0,0,0.0,100733.43,120668.68,4,0
0.3442,0,0.569,0.3519,0,0.0,0,0.0,66078.53,80334.31,2,0
0.4271,13,0.513,0.3913,0,0.0,0,0.0,8116.33,6803.91,3,0
0.3775,0,0.4571,0.3373,0,0.0,0,0.0,118779.31,194855.85,2,0
0.0947,22,0.1536,0.4729,1,15913.74,0,0.0,54019.9,68677.63,4,0
0.631,53,0.2528,0.2697,0,0.0,0,0.0,52089.44,32962.82,3,1
0.4852,0,0.2921,0.515,1,30579.05,0,0.0,25357.29,31892.59,4,0
0.1557,0,0.5504,0.4428,0,0.0,0,0.0,34374.29,35726.87,3,0
0.4175,0,0.2358,0.6387,0,0.0,0,0.0,46201.13,49128.55,5,0
0.1479,0,0.3625,0.6255,0,0.0,1,42476.02,35519.12,70181.93,5,0
0.1272,0,0.1415,0.5846,0,0.0,0,0.0,45244.05,36976.84,6,0
0.3053,16,0.1741,0.3978,0,0.0,0,0.0,66486.82,64965.5,3,0
0.4085,0,0.3305,0.8136,0,0.0,1,2996.22,183251.07,215814.55,4,0
0.4273,0,0.2261,0.6736,1,3643.48,1,32056.9,32391.68,22265.65,4,0
0.3282,0,0.7072,0.8084,0,0.0,0,0.0,64028.52,63945.41,3,0
0.2831,0,0.6075,0.5874,0,0.0,0,0.0,40596.7,52992.69,4,0
0.6638,0,0.3577,0.7151,0,0.0,0,0.0,21565.28,18550.14,7,0
0.2206,0,0.5775,0.7843,0,0.0,0,0.0,7498.26,15297.88,2,0
0.4427,0,0.5537,0.5687,1,7657.71,1,21061.63,7849.96,10201.81,3,0
0.2055,0,0.3371,0.6441,0,0.0,1,5373.77,166201.96,137908.34,6,0
0.4337,32,0.3597,0.4827,0,0.0,1,28592.75,34387.35,17155.16,5,0
0.2218,0,0.2859,0.7308,0,0.0,1,14236.82,21336.68,36988.56,4,1
0.2067,36,0.342,0.3711,1,18644.42,0,0.0,31227.32,49741.19,4,0
0.2918,0,0.578,0.5515,1,10343.13,0,0.0,27072.0,35226.39,3,1
0.3743,41,0.5655,0.4345,1,14436.84,1,34387.99,17664.29,16108.54,6,1
0.5102,0,0.3764,0.3243,1,6242.46,0,0.0,44925.43,40681.07,4,0
0.3572,0,0.4474,0.554,0,0.0,0,0.0,26246.53,15872.87,4,0
0.3997,0,0.5151,0.6174,0,0.0,1,11190.93,48515.68,47363.55,5,0
0.1557,0,0.2284,0.6756,0,0.0,0,0.0,23602.04,26931.13,3,0
0.464,0,0.3325,0.2805,0,0.0,0,0.0,75758.38,59391.88,4,0
